-- phpMyAdmin SQL Dump
-- version 5.0.4deb2+deb11u1
-- https://www.phpmyadmin.net/
--
-- Hôte : localhost:3306
-- Généré le : lun. 20 nov. 2023 à 10:28
-- Version du serveur :  10.5.21-MariaDB-0+deb11u1
-- Version de PHP : 7.4.33

SET SQL_MODE = "NO_AUTO_VALUE_ON_ZERO";
START TRANSACTION;
SET time_zone = "+00:00";


/*!40101 SET @OLD_CHARACTER_SET_CLIENT=@@CHARACTER_SET_CLIENT */;
/*!40101 SET @OLD_CHARACTER_SET_RESULTS=@@CHARACTER_SET_RESULTS */;
/*!40101 SET @OLD_COLLATION_CONNECTION=@@COLLATION_CONNECTION */;
/*!40101 SET NAMES utf8mb4 */;

--
-- Base de données : `BugSafari_DEV`
--

-- --------------------------------------------------------

--
-- Structure de la table `T_Biome`
--

CREATE TABLE `T_Biome` (
  `IdBiome` int(11) NOT NULL,
  `Temperature` decimal(15,2) DEFAULT NULL,
  `Nom` varchar(50) DEFAULT NULL,
  `TauxHumidite` decimal(15,2) DEFAULT NULL,
  `Descrition` varchar(8000) DEFAULT NULL,
  `Environement` varchar(50) DEFAULT NULL
) ENGINE=InnoDB DEFAULT CHARSET=utf8mb4 COLLATE=utf8mb4_general_ci;

--
-- Déchargement des données de la table `T_Biome`
--

INSERT INTO `T_Biome` (`IdBiome`, `Temperature`, `Nom`, `TauxHumidite`, `Descrition`, `Environement`) VALUES
(5, '5.00', 'Inlandsis et déserts polaires', '12.00', 'descripption ...', ''),
(6, '23.00', 'Toundra', '5.00', 'descripption ...', ''),
(7, '12.00', ' Taïga', '8.00', 'descripption ...', ''),
(8, '35.00', ' Forêts feuillues caducifoliées tempérées', '3.00', 'descripption ...', ''),
(9, '-2.00', ' Prairies', '14.00', 'descripption ...', ''),
(10, '8.00', 'Forêts sempervirentes subtropicales', '1.00', 'descripption ...', ''),
(11, '18.00', ' Forêts sempervirentes méditerranéennes', '7.00', 'descripption ...', ''),
(12, '30.00', ' Forêts de mousson', '9.00', 'descripption ...', ''),
(13, '37.00', ' Déserts arides', '13.00', 'descripption ...', ''),
(14, '10.00', ' Déserts et broussailles xérophytes', '6.00', 'descripption ...', ''),
(15, '27.00', ' Steppe aride', '11.00', 'descripption ...', ''),
(16, '14.00', ' Déserts semi-arides', '2.00', 'descripption ...', ''),
(17, '0.00', 'Savanes', '10.00', 'descripption ...', ''),
(18, '25.00', ' Savanes et forêts claires', '4.00', 'descripption ...', ''),
(19, '-4.00', ' Forêts tropicales caducifoliées', '0.00', 'descripption ...', ''),
(20, '32.00', ' Forêts sempervirentes tropicales', '15.00', 'descripption ...', ''),
(21, '6.00', 'Toundra alpine', '8.00', 'descripption ...', ''),
(22, '21.00', 'Forêts de montagne', '4.00', 'descripption ...', ''),
(23, '38.00', 'Ruisseau', '6.00', 'descripption ...', ''),
(24, '37.00', 'Rivières', '13.00', 'descripption ...', ''),
(25, '10.00', 'Fleuves', '1.00', 'descripption ...', ''),
(26, '27.00', 'Deltas', '10.00', 'descripption ...', ''),
(27, '14.00', 'Mares et étangs', '3.00', 'descripption ...', ''),
(28, '0.00', 'Lacs', '14.00', 'descripption ...', ''),
(29, '25.00', 'Bassins xériques', '5.00', 'descripption ...', ''),
(30, '-4.00', 'Milieux polaires', '11.00', 'descripption ...', ''),
(31, '32.00', 'Plateaux continentaux et mers intérieures', '2.00', 'descripption ...', ''),
(32, '6.00', 'Remontée d\'eau tempérée ou « Upwelling » tempéré', '9.00', 'descripption ...', ''),
(33, '21.00', 'Remontée d\'eau tropicale ou « Upwelling » tropical', '7.00', 'descripption ...', ''),
(34, '38.00', 'Récifs coralliens', '12.00', 'descripption ...', ''),
(35, '12.00', 'Milieux paraliques', '0.00', 'descripption ...', ''),
(36, '1.00', 'Forêts de kelp', '15.00', 'descripption ...', '');

-- --------------------------------------------------------

--
-- Structure de la table `T_CompteUtilisateur`
--

CREATE TABLE `T_CompteUtilisateur` (
  `IdCompteUtilisateur` int(11) NOT NULL,
  `AddresseMail` varchar(8000) DEFAULT NULL,
  `Nom` varchar(50) DEFAULT NULL,
  `Prenom` varchar(50) DEFAULT NULL,
  `NbrDeModification` int(11) DEFAULT NULL,
  `NomUtilisateur` varchar(50) DEFAULT NULL,
  `Mdp` varchar(255) DEFAULT NULL
) ENGINE=InnoDB DEFAULT CHARSET=utf8mb4 COLLATE=utf8mb4_general_ci;

--
-- Déchargement des données de la table `T_CompteUtilisateur`
--

INSERT INTO `T_CompteUtilisateur` (`IdCompteUtilisateur`, `AddresseMail`, `Nom`, `Prenom`, `NbrDeModification`, `NomUtilisateur`, `Mdp`) VALUES
(15, 'email1@example.com', 'Nom1', 'Prenom1', 3, 'Utilisateur1', 'MotDePasse1'),
(4562, 'email2@example.com', 'Nom2', 'Prenom2', 5, 'Utilisateur2', 'MotDePasse2'),
(5554, 'email3@example.com', 'Nom3', 'Prenom3', 2, 'Utilisateur3', 'MotDePasse3');

-- --------------------------------------------------------

--
-- Structure de la table `T_Favorie`
--

CREATE TABLE `T_Favorie` (
  `IdFavorie` int(11) NOT NULL,
  `IdCompteUtilisateur` int(11) NOT NULL,
  `IdInsecte` int(11) NOT NULL
) ENGINE=InnoDB DEFAULT CHARSET=utf8mb4 COLLATE=utf8mb4_general_ci;

-- --------------------------------------------------------

--
-- Structure de la table `T_Insecte`
--

CREATE TABLE `T_Insecte` (
  `IdInsecte` int(11) NOT NULL,
  `Nom` varchar(255) DEFAULT NULL,
  `Description` varchar(8000) DEFAULT NULL,
  `Poids` decimal(15,2) DEFAULT NULL,
  `UniteMasse` varchar(50) DEFAULT NULL,
  `Taille` decimal(15,2) DEFAULT NULL,
  `UniteTaille` varchar(50) DEFAULT NULL,
  `Menace` varchar(50) DEFAULT NULL,
  `Dangereusite` varchar(50) DEFAULT NULL,
  `Saison` varchar(50) DEFAULT NULL,
  `longevite` decimal(15,2) DEFAULT NULL,
  `IdTypeInsecte` int(11) NOT NULL
) ENGINE=InnoDB DEFAULT CHARSET=utf8mb4 COLLATE=utf8mb4_general_ci;

--
-- Déchargement des données de la table `T_Insecte`
--

INSERT INTO `T_Insecte` (`IdInsecte`, `Nom`, `Description`, `Poids`, `UniteMasse`, `Taille`, `UniteTaille`, `Menace`, `Dangereusite`, `Saison`, `longevite`, `IdTypeInsecte`) VALUES
(724, 'Uloborus walckenaerius', 'Descrition ...', '50.00', 'g', '337.00', 'mm', 'Préoccupation mineure (LC)', '5/10', 'Printemps', '626.00', 1),
(725, 'Punaise des blés (Aelia acuminata)', 'Descrition ...', '324.00', 'g', '20.00', 'mm', 'Non évaluée (NE)', '5/10', 'Printemps', '863.00', 14),
(726, 'Flambé (Iphiclides podalirius)', 'Descrition ...', '182.00', 'g', '138.00', 'mm', 'En danger (EN)', '5/10', 'Été/Printemps', '57.00', 5),
(727, 'Crocothémis écarlate (Crocothemis erythraea)', 'Descrition ...', '34.00', 'g', '72.00', 'mm', 'Éteinte à l’état sauvage (EW)', '5/10', 'Toute les saisons', '814.00', 3),
(728, 'Orthétrum bleuissant (Orthetrum coerulescens)', 'Descrition ...', '80.00', 'g', '147.00', 'mm', 'Non évaluée (NE)', '5/10', 'Été/Hiver', '994.00', 7),
(729, 'Orthétrum brun (Orthetrum brunneum)', 'Descrition ...', '88.00', 'g', '280.00', 'mm', 'En danger (EN)', '5/10', 'Printemps/Automne', '345.00', 15),
(730, 'Argiope frelon (Argiope bruennichi)', 'Descrition ...', '339.00', 'g', '96.00', 'mm', 'Préoccupation mineure (LC)', '5/10', 'Été/Hiver', '236.00', 4),
(731, 'Amaryllis (Pyronia tithonus)', 'Descrition ...', '3.00', 'g', '14.00', 'mm', 'Éteinte à l’état sauvage (EW)', '5/10', 'Printemps', '636.00', 8),
(732, 'Cuivré fuligineux (Lycaena tityrus)', 'Descrition ...', '336.00', 'g', '36.00', 'mm', 'danger critique (CR)', '5/10', 'Toute les saisons', '591.00', 10),
(733, 'Amaryllis (Pyronia tithonus)', 'Descrition ...', '95.00', 'g', '113.00', 'mm', 'danger critique (CR)', '5/10', 'Printemps', '928.00', 5),
(734, 'Argiope frelon (Argiope bruennichi)', 'Descrition ...', '184.00', 'g', '20.00', 'mm', 'Non évaluée (NE)', '5/10', 'Printemps/Hiver', '79.00', 11),
(735, 'Épeire fougère (Neoscona adianta)', 'Descrition ...', '137.00', 'g', '328.00', 'mm', 'danger critique (CR)', '5/10', 'Automne/Hiver', '685.00', 2),
(736, 'Punaise des baies (Dolycoris baccarum)', 'Descrition ...', '169.00', 'g', '42.00', 'mm', 'Vulnérable (VU)', '5/10', 'Printemps/Hiver', '945.00', 12),
(737, 'Moro-sphinx (Macroglossum Stellatarum)', 'Descrition ...', '286.00', 'g', '172.00', 'mm', 'Vulnérable (VU)', '5/10', 'Printemps/Automne', '290.00', 13),
(738, 'Ischnure élégante (Ischnura elegans)', 'Descrition ...', '313.00', 'g', '115.00', 'mm', 'Éteinte (EX)', '5/10', 'Été', '779.00', 10),
(739, 'Caloptéryx hémorroïdal (Calopteryx haemorrhoidalis)', 'Descrition ...', '318.00', 'g', '243.00', 'mm', 'Éteinte (EX)', '5/10', 'Été/Printemps', '524.00', 2),
(740, 'Cicadelle pruineuse (Metcalfa pruinosa)', 'Descrition ...', '118.00', 'g', '262.00', 'mm', 'Non évaluée (NE)', '5/10', 'Hiver', '242.00', 16),
(741, 'Punaise verte (Palomena prasina)', 'Descrition ...', '161.00', 'g', '45.00', 'mm', 'Non évaluée (NE)', '5/10', 'Été', '47.00', 3),
(742, 'Oxycordulie à corps fin (Oxygastra curtisii)', 'Descrition ...', '59.00', 'g', '155.00', 'mm', 'Données insuffisantes (DD)', '5/10', 'Printemps/Automne', '615.00', 6),
(743, 'Argiope frelon (Argiope bruennichi)', 'Descrition ...', '107.00', 'g', '199.00', 'mm', 'danger critique (CR)', '5/10', 'Printemps/Hiver', '529.00', 13),
(744, 'Punaise des genêts (Piezodorus lituratus)', 'Descrition ...', '321.00', 'g', '141.00', 'mm', 'Éteinte (EX)', '5/10', 'Été', '577.00', 14),
(745, 'Épeire diadème (Araneus diadematus)', 'Descrition ...', '178.00', 'g', '12.00', 'mm', 'danger critique (CR)', '5/10', 'Printemps/Automne', '873.00', 6),
(746, 'Punaise verte (Palomena prasina)', 'Descrition ...', '305.00', 'g', '306.00', 'mm', 'Vulnérable (VU)', '5/10', 'Automne/Hiver', '761.00', 11),
(747, 'Caloptéryx hémorroïdal (Calopteryx haemorrhoidalis)', 'Descrition ...', '288.00', 'g', '122.00', 'mm', 'Vulnérable (VU)', '5/10', 'Hiver', '43.00', 15),
(748, 'Argiope frelon (Argiope bruennichi)', 'Descrition ...', '244.00', 'g', '133.00', 'mm', 'Non évaluée (NE)', '5/10', 'Été', '852.00', 6),
(749, 'Épeire fougère (Neoscona adianta)', 'Descrition ...', '229.00', 'g', '296.00', 'mm', 'Données insuffisantes (DD)', '5/10', 'Automne/Hiver', '224.00', 3),
(750, 'Cordulégastre annelé (Cordulegaster boltonii)', 'Descrition ...', '121.00', 'g', '72.00', 'mm', 'Éteinte à l’état sauvage (EW)', '5/10', 'Printemps/Automne', '215.00', 11),
(751, 'Amaryllis (Pyronia tithonus)', 'Descrition ...', '86.00', 'g', '115.00', 'mm', 'danger critique (CR)', '5/10', 'Été', '848.00', 11),
(752, 'Diodie tête de mort (Zilla diodia)', 'Descrition ...', '221.00', 'g', '20.00', 'mm', 'Éteinte à l’état sauvage (EW)', '5/10', 'Toute les saisons', '299.00', 11),
(753, 'Diodie tête de mort (Zilla diodia)', 'Descrition ...', '127.00', 'g', '152.00', 'mm', 'Éteinte à l’état sauvage (EW)', '5/10', 'Automne/Hiver', '51.00', 1),
(754, 'Eurydema ventralis', 'Descrition ...', '348.00', 'g', '108.00', 'mm', 'Éteinte à l’état sauvage (EW)', '5/10', 'Été/Automne', '343.00', 14),
(755, 'Dictyna uncinata', 'Descrition ...', '26.00', 'g', '241.00', 'mm', 'Non évaluée (NE)', '5/10', 'Hiver', '720.00', 13),
(756, 'Punaise verte ponctuée (Nezara viridula)', 'Descrition ...', '1.00', 'g', '278.00', 'mm', 'Éteinte (EX)', '5/10', 'Été/Hiver', '143.00', 13),
(757, 'Caloptéryx hémorroïdal (Calopteryx haemorrhoidalis)', 'Descrition ...', '147.00', 'g', '41.00', 'mm', 'En danger (EN)', '5/10', 'Printemps', '52.00', 10),
(758, 'Caloptéryx vierge (Calopteryx virgo)', 'Descrition ...', '305.00', 'g', '94.00', 'mm', 'Préoccupation mineure (LC)', '5/10', 'Été/Printemps', '916.00', 8),
(759, 'Amaryllis (Pyronia tithonus)', 'Descrition ...', '153.00', 'g', '42.00', 'mm', 'Préoccupation mineure (LC)', '5/10', 'Été/Automne', '642.00', 10),
(760, 'Amaryllis (Pyronia tithonus)', 'Descrition ...', '1.00', 'g', '33.00', 'mm', 'Données insuffisantes (DD)', '5/10', 'Printemps', '217.00', 1),
(761, 'Tircis (Pararge aegeria)', 'Descrition ...', '83.00', 'g', '24.00', 'mm', 'Vulnérable (VU)', '5/10', 'Été', '230.00', 15),
(762, 'Caloptéryx hémorroïdal (Calopteryx haemorrhoidalis)', 'Descrition ...', '284.00', 'g', '264.00', 'mm', 'Éteinte à l’état sauvage (EW)', '5/10', 'Été/Printemps', '882.00', 10),
(763, 'Onychogomphe à pinces (Onychogomphus forcipatus)', 'Descrition ...', '281.00', 'g', '267.00', 'mm', 'Éteinte à l’état sauvage (EW)', '5/10', 'Été/Printemps', '711.00', 9),
(764, 'Coccinelle à 16 points (Tytthaspis sedecimpunctata)', 'Descrition ...', '329.00', 'g', '181.00', 'mm', 'Éteinte à l’état sauvage (EW)', '5/10', 'Été/Printemps', '637.00', 3),
(765, 'Orthétrum réticulé (Orthetrum cancellatum)', 'Descrition ...', '342.00', 'g', '172.00', 'mm', 'Éteinte à l’état sauvage (EW)', '5/10', 'Automne', '100.00', 12),
(766, 'Coccinelle à 16 points (Tytthaspis sedecimpunctata)', 'Descrition ...', '167.00', 'g', '198.00', 'mm', 'Éteinte à l’état sauvage (EW)', '5/10', 'Été/Automne', '928.00', 3),
(767, 'Coccinelle à 16 points (Tytthaspis sedecimpunctata)', 'Descrition ...', '130.00', 'g', '293.00', 'mm', 'Quasi menacée (NT)', '5/10', 'Été/Automne', '513.00', 3),
(768, 'Uloborus walckenaerius', 'Descrition ...', '316.00', 'g', '245.00', 'mm', 'Quasi menacée (NT)', '5/10', 'Printemps/Automne', '328.00', 10),
(769, 'Téléphore fauve (Rhagonycha fulva)', 'Descrition ...', '265.00', 'g', '309.00', 'mm', 'Données insuffisantes (DD)', '5/10', 'Été/Automne', '858.00', 14),
(770, 'Mélitée des centaurées (Melitaea phoebe)', 'Descrition ...', '333.00', 'g', '45.00', 'mm', 'Données insuffisantes (DD)', '5/10', 'Automne', '790.00', 13),
(771, 'Syromastus rhombeus', 'Descrition ...', '338.00', 'g', '7.00', 'mm', 'Données insuffisantes (DD)', '5/10', 'Automne', '8.00', 16),
(772, 'Orthétrum réticulé (Orthetrum cancellatum)', 'Descrition ...', '171.00', 'g', '159.00', 'mm', 'Vulnérable (VU)', '5/10', 'Toute les saisons', '140.00', 11),
(773, 'Orthétrum bleuissant (Orthetrum coerulescens)', 'Descrition ...', '79.00', 'g', '215.00', 'mm', 'danger critique (CR)', '5/10', 'Printemps', '950.00', 8),
(774, 'Crocothémis écarlate (Crocothemis erythraea)', 'Descrition ...', '297.00', 'g', '276.00', 'mm', 'Non évaluée (NE)', '5/10', 'Printemps/Hiver', '573.00', 11),
(775, 'Anax empereur (Anax imperator)', 'Descrition ...', '161.00', 'g', '19.00', 'mm', 'danger critique (CR)', '5/10', 'Été/Hiver', '190.00', 12),
(776, 'Ischnure élégante (Ischnura elegans)', 'Descrition ...', '227.00', 'g', '343.00', 'mm', 'Préoccupation mineure (LC)', '5/10', 'Été/Printemps', '82.00', 4),
(777, 'Agrion jouvencelle (Coenagrion puella)', 'Descrition ...', '309.00', 'g', '103.00', 'mm', 'Non évaluée (NE)', '5/10', 'Printemps/Automne', '185.00', 11),
(778, 'Punaise des baies (Dolycoris baccarum)', 'Descrition ...', '257.00', 'g', '74.00', 'mm', 'Vulnérable (VU)', '5/10', 'Printemps', '217.00', 5),
(779, 'Orthétrum brun (Orthetrum brunneum)', 'Descrition ...', '154.00', 'g', '122.00', 'mm', 'En danger (EN)', '5/10', 'Printemps/Hiver', '819.00', 2),
(780, 'Orthétrum bleuissant (Orthetrum coerulescens)', 'Descrition ...', '48.00', 'g', '288.00', 'mm', 'Non évaluée (NE)', '5/10', 'Été/Hiver', '541.00', 3),
(781, 'Azuré commun (Polyommatus icarus)', 'Descrition ...', '274.00', 'g', '199.00', 'mm', 'Éteinte (EX)', '5/10', 'Automne', '4.00', 11),
(782, 'Épeire fougère (Neoscona adianta)', 'Descrition ...', '208.00', 'g', '274.00', 'mm', 'Éteinte (EX)', '5/10', 'Été/Automne', '711.00', 8),
(783, 'Pennipatte bleuâtre(Platycnemis pennipes)', 'Descrition ...', '106.00', 'g', '270.00', 'mm', 'Vulnérable (VU)', '5/10', 'Toute les saisons', '938.00', 11),
(784, 'Machaon (Papilio machaon)', 'Descrition ...', '109.00', 'g', '320.00', 'mm', 'danger critique (CR)', '5/10', 'Automne', '555.00', 1),
(785, 'Ischnure élégante (Ischnura elegans)', 'Descrition ...', '10.00', 'g', '232.00', 'mm', 'Quasi menacée (NT)', '5/10', 'Été/Printemps', '298.00', 1),
(786, 'Libellule fauve (Libellula fulva)', 'Descrition ...', '151.00', 'g', '55.00', 'mm', 'Quasi menacée (NT)', '5/10', 'Printemps', '794.00', 1),
(787, 'Mante religieuse (Mantis religiosa)', 'Descrition ...', '78.00', 'g', '60.00', 'mm', 'Éteinte (EX)', '5/10', 'Printemps/Hiver', '473.00', 2),
(788, 'Thomise pépin de raisin (Runcinia grammica)', 'Descrition ...', '31.00', 'g', '170.00', 'mm', 'Quasi menacée (NT)', '5/10', 'Printemps', '31.00', 4),
(789, 'Collier de corail (Aricia agestis)', 'Descrition ...', '254.00', 'g', '100.00', 'mm', 'Vulnérable (VU)', '5/10', 'Toute les saisons', '863.00', 15),
(790, 'Phasie crassipenne (Ectophasia crassipennis)', 'Descrition ...', '261.00', 'g', '272.00', 'mm', 'Préoccupation mineure (LC)', '5/10', 'Été', '540.00', 2),
(791, 'Oedémère ochracé (Oedemera podagrariae)', 'Descrition ...', '290.00', 'g', '129.00', 'mm', 'danger critique (CR)', '5/10', 'Automne/Hiver', '719.00', 9),
(792, 'Spilostethus pandurus', 'Descrition ...', '311.00', 'g', '275.00', 'mm', 'Éteinte à l’état sauvage (EW)', '5/10', 'Toute les saisons', '555.00', 7),
(793, 'Camptope des genêts (Camptopus lateralis)', 'Descrition ...', '276.00', 'g', '46.00', 'mm', 'Éteinte à l’état sauvage (EW)', '5/10', 'Toute les saisons', '901.00', 9),
(794, 'Lucane cerf-volant (Lucanus cervus)', 'Descrition ...', '205.00', 'g', '183.00', 'mm', 'Non évaluée (NE)', '5/10', 'Été/Printemps', '677.00', 16),
(795, 'Téléphore fauve (Rhagonycha fulva)', 'Descrition ...', '283.00', 'g', '85.00', 'mm', 'Vulnérable (VU)', '5/10', 'Hiver', '5.00', 10),
(796, ' Épeire diadème (Araneus diadematus)', 'Descrition ...', '183.00', 'g', '281.00', 'mm', 'danger critique (CR)', '5/10', 'Été/Automne', '597.00', 6),
(797, 'Flambé (Iphiclides podalirius)', 'Descrition ...', '333.00', 'g', '138.00', 'mm', 'En danger (EN)', '5/10', 'Été', '365.00', 10),
(798, 'Cuivré commun (Lycaena phlaeas)', 'Descrition ...', '209.00', 'g', '224.00', 'mm', 'Données insuffisantes (DD)', '5/10', 'Automne/Hiver', '988.00', 4),
(799, 'Point-de-Hongrie (Erynnis tages)', 'Descrition ...', '143.00', 'g', '172.00', 'mm', 'Éteinte à l’état sauvage (EW)', '5/10', 'Printemps/Hiver', '25.00', 7),
(800, 'Flambé (Iphiclides podalirius)', 'Descrition ...', '191.00', 'g', '122.00', 'mm', 'En danger (EN)', '5/10', 'Toute les saisons', '688.00', 3),
(801, 'Oedémère ochracé (Oedemera podagrariae)', 'Descrition ...', '237.00', 'g', '74.00', 'mm', 'Quasi menacée (NT)', '5/10', 'Automne', '37.00', 2),
(802, 'Caloptéryx hémorroïdal (Calopteryx haemorrhoidalis)', 'Descrition ...', '239.00', 'g', '335.00', 'mm', 'Quasi menacée (NT)', '5/10', 'Printemps/Hiver', '903.00', 10),
(803, 'Caloptéryx vierge (Calopteryx virgo)', 'Descrition ...', '276.00', 'g', '13.00', 'mm', 'danger critique (CR)', '5/10', 'Automne', '904.00', 1),
(804, 'Épeire fougère (Neoscona adianta)', 'Descrition ...', '236.00', 'g', '92.00', 'mm', 'Éteinte (EX)', '5/10', 'Printemps/Automne', '975.00', 5),
(805, 'Agrion délicat (Ceriagrion tenellum)', 'Descrition ...', '167.00', 'g', '137.00', 'mm', 'Non évaluée (NE)', '5/10', 'Été/Hiver', '282.00', 6),
(806, 'Orthétrum brun (Orthetrum brunneum)', 'Descrition ...', '24.00', 'g', '306.00', 'mm', 'Quasi menacée (NT)', '5/10', 'Été/Automne', '26.00', 13),
(807, 'Crocothémis écarlate (Crocothemis erythraea)', 'Descrition ...', '116.00', 'g', '348.00', 'mm', 'danger critique (CR)', '5/10', 'Printemps', '325.00', 8),
(808, 'Orthétrum bleuissant (Orthetrum coerulescens)', 'Descrition ...', '8.00', 'g', '281.00', 'mm', 'danger critique (CR)', '5/10', 'Été/Hiver', '259.00', 14),
(809, 'Anax empereur (Anax imperator)', 'Descrition ...', '203.00', 'g', '140.00', 'mm', 'Vulnérable (VU)', '5/10', 'Été/Printemps', '267.00', 9),
(810, 'Ischnure élégante (Ischnura elegans)', 'Descrition ...', '336.00', 'g', '271.00', 'mm', 'Préoccupation mineure (LC)', '5/10', 'Hiver', '581.00', 10),
(811, 'Silène (Brintesia circe)', 'Descrition ...', '30.00', 'g', '162.00', 'mm', 'Éteinte (EX)', '5/10', 'Été/Automne', '525.00', 7),
(812, 'Orthétrum à stylets blancs (Orthetrum albistylum)', 'Descrition ...', '22.00', 'g', '147.00', 'mm', 'Quasi menacée (NT)', '5/10', 'Printemps/Hiver', '355.00', 3),
(813, 'Libellule déprimée (Libellula depressa)', 'Descrition ...', '170.00', 'g', '310.00', 'mm', 'Données insuffisantes (DD)', '5/10', 'Automne', '267.00', 12),
(814, 'Sylvaine (Ochlodes sylvanus)', 'Descrition ...', '258.00', 'g', '167.00', 'mm', 'Éteinte (EX)', '5/10', 'Automne', '957.00', 6),
(815, 'Onychogomphe à pinces (Onychogomphus forcipatus)', 'Descrition ...', '193.00', 'g', '11.00', 'mm', 'Préoccupation mineure (LC)', '5/10', 'Été/Automne', '305.00', 4),
(816, 'Oedémère noble (Oedemera nobilis)', 'Descrition ...', '170.00', 'g', '54.00', 'mm', 'Quasi menacée (NT)', '5/10', 'Automne/Hiver', '499.00', 5),
(817, 'Camptope des genêts (Camptopus lateralis)', 'Descrition ...', '43.00', 'g', '180.00', 'mm', 'danger critique (CR)', '5/10', 'Automne', '307.00', 15),
(818, 'Agapanthie des chardons (Agapanthia cardui)/Agapanthia suturalis', 'Descrition ...', '112.00', 'g', '64.00', 'mm', 'Non évaluée (NE)', '5/10', 'Printemps', '221.00', 9),
(819, 'Agapanthie des chardons (Agapanthia cardui)/Agapanthia suturalis', 'Descrition ...', '42.00', 'g', '111.00', 'mm', 'Données insuffisantes (DD)', '5/10', 'Été/Hiver', '759.00', 10),
(820, 'Agapanthia cardui/suturalis', 'Descrition ...', '24.00', 'g', '6.00', 'mm', 'Éteinte à l’état sauvage (EW)', '5/10', 'Printemps', '634.00', 10),
(821, 'Syrphe ceinturé (Episyrphus balteatus)', 'Descrition ...', '208.00', 'g', '13.00', 'mm', 'danger critique (CR)', '5/10', 'Automne/Hiver', '817.00', 3),
(822, 'Téléphore fauve (Rhagonycha fulva)', 'Descrition ...', '111.00', 'g', '195.00', 'mm', 'Données insuffisantes (DD)', '5/10', 'Automne/Hiver', '653.00', 14),
(823, 'Argiope frelon (Argiope bruennichi)', 'Descrition ...', '91.00', 'g', '11.00', 'mm', 'Quasi menacée (NT)', '5/10', 'Été/Printemps', '246.00', 10),
(824, 'Punaise des genêts (Piezodorus lituratus)', 'Descrition ...', '14.00', 'g', '84.00', 'mm', 'danger critique (CR)', '5/10', 'Automne/Hiver', '193.00', 8),
(825, 'Sylvaine (Ochlodes sylvanus)', 'Descrition ...', '128.00', 'g', '282.00', 'mm', 'Préoccupation mineure (LC)', '5/10', 'Été', '604.00', 8),
(826, 'Thomise globuleuse (Synema globosum)', 'Descrition ...', '73.00', 'g', '191.00', 'mm', 'Vulnérable (VU)', '5/10', 'Automne', '288.00', 7),
(827, 'Selandria serva', 'Descrition ...', '239.00', 'g', '91.00', 'mm', 'En danger (EN)', '5/10', 'Printemps/Automne', '412.00', 14),
(828, 'Oedémère noble (Oedemera nobilis)', 'Descrition ...', '35.00', 'g', '100.00', 'mm', 'Éteinte à l’état sauvage (EW)', '5/10', 'Été/Automne', '803.00', 10),
(829, 'Coccinelle à damier (Propylea quatuordecimpunctata)', 'Descrition ...', '86.00', 'g', '293.00', 'mm', 'Préoccupation mineure (LC)', '5/10', 'Printemps/Automne', '674.00', 6),
(830, 'Sésie de l’oseille (Pyropteron chrysidiformis)', 'Descrition ...', '76.00', 'g', '292.00', 'mm', 'Non évaluée (NE)', '5/10', 'Automne', '426.00', 12),
(831, 'Thomise globuleuse (Synema globosum)', 'Descrition ...', '23.00', 'g', '22.00', 'mm', 'Quasi menacée (NT)', '5/10', 'Été/Automne', '212.00', 11),
(832, 'Pisaure admirable (Pisaura mirabilis)', 'Descrition ...', '11.00', 'g', '301.00', 'mm', 'Vulnérable (VU)', '5/10', 'Printemps/Hiver', '135.00', 10),
(833, 'Doublure jaune (Euclidia glyphica)', 'Descrition ...', '102.00', 'g', '153.00', 'mm', 'danger critique (CR)', '5/10', 'Été/Hiver', '234.00', 1),
(834, 'Cuivré commun (Lycaena phlaeas)', 'Descrition ...', '163.00', 'g', '58.00', 'mm', 'Non évaluée (NE)', '5/10', 'Toute les saisons', '171.00', 12),
(835, 'Agapanthie à pilosité verdâtre (Agapanthia villosoviridescens)', 'Descrition ...', '264.00', 'g', '340.00', 'mm', 'Non évaluée (NE)', '5/10', 'Printemps', '32.00', 8),
(836, 'Demi-deuil (Melanargia galathea)', 'Descrition ...', '173.00', 'g', '249.00', 'mm', 'En danger (EN)', '5/10', 'Automne/Hiver', '835.00', 12),
(837, 'Syromastus rhombeus', 'Descrition ...', '177.00', 'g', '124.00', 'mm', 'Éteinte (EX)', '5/10', 'Printemps', '975.00', 2),
(838, 'Agrion délicat (Ceriagrion tenellum)', 'Descrition ...', '55.00', 'g', '346.00', 'mm', 'En danger (EN)', '5/10', 'Automne/Hiver', '402.00', 1),
(839, 'Orthétrum à stylets blancs (Orthetrum albistylum)', 'Descrition ...', '146.00', 'g', '119.00', 'mm', 'Quasi menacée (NT)', '5/10', 'Printemps/Automne', '187.00', 3),
(840, 'Hydromètre des étangs (Hydrometra stagnorum)', 'Descrition ...', '84.00', 'g', '83.00', 'mm', 'Éteinte (EX)', '5/10', 'Printemps/Automne', '163.00', 4),
(841, 'Orthétrum brun (Orthetrum brunneum)', 'Descrition ...', '287.00', 'g', '318.00', 'mm', 'Préoccupation mineure (LC)', '5/10', 'Été/Hiver', '116.00', 9),
(842, 'Ischnure naine (Ischnura pumilio)', 'Descrition ...', '128.00', 'g', '278.00', 'mm', 'Vulnérable (VU)', '5/10', 'Été/Printemps', '880.00', 16),
(843, 'Azuré de la faucille (Cupido alcetas)', 'Descrition ...', '226.00', 'g', '199.00', 'mm', 'Préoccupation mineure (LC)', '5/10', 'Hiver', '485.00', 12),
(844, 'Azuré des nerpruns  (Celastrina argiolus)', 'Descrition ...', '182.00', 'g', '55.00', 'mm', 'Vulnérable (VU)', '5/10', 'Printemps/Automne', '291.00', 2),
(845, 'Sympétrum de Fonsolombe (Sympetrum fonscolombii)', 'Descrition ...', '172.00', 'g', '12.00', 'mm', 'Éteinte à l’état sauvage (EW)', '5/10', 'Hiver', '537.00', 15),
(846, 'Orthétrum bleuissant (Orthetrum coerulescens)', 'Descrition ...', '39.00', 'g', '296.00', 'mm', 'danger critique (CR)', '5/10', 'Été/Automne', '184.00', 11),
(847, 'Orthétrum brun (Orthetrum brunneum)', 'Descrition ...', '273.00', 'g', '73.00', 'mm', 'danger critique (CR)', '5/10', 'Été/Printemps', '17.00', 3),
(848, 'Orthétrum à stylets blancs (Orthetrum albistylum)', 'Descrition ...', '229.00', 'g', '27.00', 'mm', 'Éteinte (EX)', '5/10', 'Printemps', '978.00', 6),
(849, 'Orthétrum à stylets blancs (Orthetrum albistylum)', 'Descrition ...', '149.00', 'g', '305.00', 'mm', 'danger critique (CR)', '5/10', 'Hiver', '928.00', 8),
(850, 'Orthétrum brun (Orthetrum brunneum)', 'Descrition ...', '184.00', 'g', '188.00', 'mm', 'danger critique (CR)', '5/10', 'Hiver', '588.00', 13),
(851, 'Demi-deuil (Melanargia galathea)', 'Descrition ...', '95.00', 'g', '184.00', 'mm', 'En danger (EN)', '5/10', 'Automne', '380.00', 5),
(852, 'Pennipatte bleuâtre(Platycnemis pennipes)', 'Descrition ...', '28.00', 'g', '297.00', 'mm', 'Vulnérable (VU)', '5/10', 'Printemps', '310.00', 4),
(853, 'Caloptéryx hémorroïdal (Calopteryx haemorrhoidalis)', 'Descrition ...', '174.00', 'g', '165.00', 'mm', 'Éteinte (EX)', '5/10', 'Toute les saisons', '292.00', 13),
(854, 'Syrphe ceinturé (Episyrphus balteatus)', 'Descrition ...', '131.00', 'g', '305.00', 'mm', 'Préoccupation mineure (LC)', '5/10', 'Automne', '56.00', 5),
(855, 'Gendarme (Pyrrhocoris apterus)', 'Descrition ...', '311.00', 'g', '174.00', 'mm', 'Non évaluée (NE)', '5/10', 'Printemps/Automne', '838.00', 9),
(856, 'Morime rugueux (Morimus asper)', 'Descrition ...', '118.00', 'g', '174.00', 'mm', 'Vulnérable (VU)', '5/10', 'Hiver', '914.00', 8),
(857, 'Oxyopes lineatus', 'Descrition ...', '238.00', 'g', '212.00', 'mm', 'Éteinte à l’état sauvage (EW)', '5/10', 'Printemps/Automne', '106.00', 1),
(858, 'Téléphore fauve (Rhagonycha fulva)', 'Descrition ...', '93.00', 'g', '203.00', 'mm', 'Préoccupation mineure (LC)', '5/10', 'Automne/Hiver', '682.00', 8),
(859, 'Oedémère ochracé (Oedemera podagrariae)', 'Descrition ...', '47.00', 'g', '137.00', 'mm', 'danger critique (CR)', '5/10', 'Été/Printemps', '646.00', 4),
(860, 'Thomise globuleuse (Synema globosum)', 'Descrition ...', '323.00', 'g', '337.00', 'mm', 'Préoccupation mineure (LC)', '5/10', 'Printemps/Automne', '529.00', 1),
(861, 'Paon du jour (Aglais io)', 'Descrition ...', '28.00', 'g', '66.00', 'mm', 'danger critique (CR)', '5/10', 'Été', '731.00', 9),
(862, 'Demi-deuil (Melanargia galathea)', 'Descrition ...', '315.00', 'g', '55.00', 'mm', 'Éteinte à l’état sauvage (EW)', '5/10', 'Été/Printemps', '805.00', 11),
(863, 'Caloptéryx vierge (Calopteryx virgo)', 'Descrition ...', '145.00', 'g', '153.00', 'mm', 'Données insuffisantes (DD)', '5/10', 'Automne', '981.00', 5),
(864, 'Agrion jouvencelle (Coenagrion puella)', 'Descrition ...', '197.00', 'g', '209.00', 'mm', 'Non évaluée (NE)', '5/10', 'Été/Printemps', '714.00', 5),
(865, 'Myrtil (Maniola jurtina)', 'Descrition ...', '174.00', 'g', '286.00', 'mm', 'Vulnérable (VU)', '5/10', 'Été/Hiver', '318.00', 14),
(866, 'Orthétrum à stylets blancs (Orthetrum albistylum)', 'Descrition ...', '183.00', 'g', '128.00', 'mm', 'Données insuffisantes (DD)', '5/10', 'Printemps/Automne', '346.00', 12),
(867, 'Calopteryx vierge (Calopteryx virgo)', 'Descrition ...', '21.00', 'g', '138.00', 'mm', 'En danger (EN)', '5/10', 'Été/Automne', '51.00', 16),
(868, 'Caloptéryx hémorroïdal (Calopteryx haemorrhoidalis)', 'Descrition ...', '80.00', 'g', '109.00', 'mm', 'Éteinte (EX)', '5/10', 'Été', '483.00', 1),
(869, 'Sympétrum sanguin (Sympetrum sanguineum)', 'Descrition ...', '216.00', 'g', '164.00', 'mm', 'Préoccupation mineure (LC)', '5/10', 'Automne', '658.00', 12),
(870, 'Agrion jouvencelle (Coenagrion puella)', 'Descrition ...', '68.00', 'g', '270.00', 'mm', 'Quasi menacée (NT)', '5/10', 'Printemps', '346.00', 16),
(871, 'Larinioides cornutus/suspicax/folium', 'Descrition ...', '298.00', 'g', '114.00', 'mm', 'En danger (EN)', '5/10', 'Été/Automne', '887.00', 5),
(872, 'Agrion délicat (Ceriagrion tenellum)', 'Descrition ...', '109.00', 'g', '61.00', 'mm', 'Éteinte à l’état sauvage (EW)', '5/10', 'Printemps', '953.00', 6),
(873, 'Oedémère noble (Oedemera nobilis)', 'Descrition ...', '95.00', 'g', '186.00', 'mm', 'Éteinte à l’état sauvage (EW)', '5/10', 'Été/Hiver', '18.00', 8),
(874, 'Zygène de la filipendule (Zygaena filipendulae)', 'Descrition ...', '70.00', 'g', '8.00', 'mm', 'Préoccupation mineure (LC)', '5/10', 'Hiver', '723.00', 15),
(875, 'Camptope des genêts (Camptopus lateralis)', 'Descrition ...', '134.00', 'g', '61.00', 'mm', 'Quasi menacée (NT)', '5/10', 'Été/Automne', '531.00', 9),
(876, 'Mélitée des scabieuses (Melitaea parthenoides)', 'Descrition ...', '272.00', 'g', '137.00', 'mm', 'Éteinte à l’état sauvage (EW)', '5/10', 'Été/Hiver', '961.00', 5),
(877, 'Punaise-guitare (Phymata crassipes)', 'Descrition ...', '298.00', 'g', '76.00', 'mm', 'danger critique (CR)', '5/10', 'Automne', '615.00', 1),
(878, 'Zygène du trèfle (Zygaena trifolii)', 'Descrition ...', '84.00', 'g', '279.00', 'mm', 'Données insuffisantes (DD)', '5/10', 'Été', '932.00', 16),
(879, 'Petit hydropohile (Hydrochara caraboides)', 'Descrition ...', '247.00', 'g', '197.00', 'mm', 'Préoccupation mineure (LC)', '5/10', 'Printemps', '10.00', 6),
(880, 'Acidalie tesselée (Scopula tesselaria)', 'Descrition ...', '305.00', 'g', '163.00', 'mm', 'Quasi menacée (NT)', '5/10', 'Toute les saisons', '159.00', 11),
(881, 'Aspilate jaunâtre (Aspitates gilvaria)', 'Descrition ...', '4.00', 'g', '226.00', 'mm', 'Éteinte à l’état sauvage (EW)', '5/10', 'Automne/Hiver', '542.00', 12),
(882, 'Eupithécie couronnée (Chloroclystis v-ata)', 'Descrition ...', '144.00', 'g', '190.00', 'mm', 'Non évaluée (NE)', '5/10', 'Automne/Hiver', '974.00', 9),
(883, 'Géomètre à barreaux ou Réseau (Chiasmia clathrata)', 'Descrition ...', '226.00', 'g', '255.00', 'mm', 'Éteinte (EX)', '5/10', 'Toute les saisons', '534.00', 11),
(884, 'Marginée (Lomaspilis marginata)', 'Descrition ...', '113.00', 'g', '98.00', 'mm', 'Quasi menacée (NT)', '5/10', 'Printemps/Automne', '272.00', 7),
(885, 'Angéronie du prunier (Angerona prunaria)', 'Descrition ...', '84.00', 'g', '331.00', 'mm', 'En danger (EN)', '5/10', 'Été/Hiver', '879.00', 13),
(886, 'Stéganies du peuplier (Stegania trimaculata)', 'Descrition ...', '85.00', 'g', '40.00', 'mm', 'Préoccupation mineure (LC)', '5/10', 'Automne/Hiver', '469.00', 8),
(887, 'Arlequinette jaune (Acontia trabealis)', 'Descrition ...', '31.00', 'g', '114.00', 'mm', 'Éteinte à l’état sauvage (EW)', '5/10', 'Automne', '303.00', 3),
(888, 'Passagère (Dysgonia algira)', 'Descrition ...', '348.00', 'g', '31.00', 'mm', 'Éteinte (EX)', '5/10', 'Été', '390.00', 1),
(889, 'Diachrysia chrysitis/stenochrysis', 'Descrition ...', '232.00', 'g', '228.00', 'mm', 'Données insuffisantes (DD)', '5/10', 'Été/Hiver', '120.00', 10),
(890, 'Bombyx à livrée (Malacosoma neustria)', 'Descrition ...', '235.00', 'g', '198.00', 'mm', 'En danger (EN)', '5/10', 'Printemps/Hiver', '504.00', 13),
(891, 'Bombyx de la ronce (Macrothylacia rubi)', 'Descrition ...', '318.00', 'g', '35.00', 'mm', 'Quasi menacée (NT)', '5/10', 'Automne/Hiver', '338.00', 12),
(892, 'Crambus rayé des coteaux (Chrysocrambus craterella)', 'Descrition ...', '270.00', 'g', '320.00', 'mm', 'Vulnérable (VU)', '5/10', 'Toute les saisons', '592.00', 7),
(893, 'Écaille lièvre (Spilosoma lutea)', 'Descrition ...', '239.00', 'g', '152.00', 'mm', 'Éteinte (EX)', '5/10', 'Printemps', '357.00', 3),
(894, 'Soyeuse (Rivula sericealis)', 'Descrition ...', '285.00', 'g', '346.00', 'mm', 'En danger (EN)', '5/10', 'Printemps/Hiver', '906.00', 4),
(895, 'Écaille cramoisie (Phragmatobia fuliginosa)', 'Descrition ...', '5.00', 'g', '104.00', 'mm', 'Préoccupation mineure (LC)', '5/10', 'Été', '602.00', 5),
(896, 'Grand paon de nuit (Saturnia pyri)', 'Descrition ...', '184.00', 'g', '173.00', 'mm', 'Éteinte à l’état sauvage (EW)', '5/10', 'Printemps/Hiver', '609.00', 12),
(897, 'Grand sphinx de la vigne (Deilephila elpenor)', 'Descrition ...', '108.00', 'g', '222.00', 'mm', 'Éteinte à l’état sauvage (EW)', '5/10', 'Été/Automne', '956.00', 3),
(898, 'Phycide incarnat (Oncocera semirubella)', 'Descrition ...', '327.00', 'g', '162.00', 'mm', 'Données insuffisantes (DD)', '5/10', 'Printemps/Automne', '517.00', 5),
(899, 'Pyrale du fourrage (Hypsopygia costalis) ', 'Descrition ...', '16.00', 'g', '83.00', 'mm', 'Quasi menacée (NT)', '5/10', 'Toute les saisons', '693.00', 16),
(900, 'Abromiade des steppes  (Apamea syriaca)', 'Descrition ...', '235.00', 'g', '92.00', 'mm', 'Quasi menacée (NT)', '5/10', 'Toute les saisons', '454.00', 8),
(901, 'Albule (Deltote pygarga)', 'Descrition ...', '112.00', 'g', '140.00', 'mm', 'Données insuffisantes (DD)', '5/10', 'Printemps/Hiver', '181.00', 14),
(902, 'Érastrie gracieuse (Elaphria venustula)', 'Descrition ...', '48.00', 'g', '347.00', 'mm', 'Éteinte (EX)', '5/10', 'Automne/Hiver', '769.00', 16),
(903, 'Noctuelle putride (Axylia putris)', 'Descrition ...', '319.00', 'g', '8.00', 'mm', 'Quasi menacée (NT)', '5/10', 'Automne', '640.00', 8),
(904, 'Noctuelle trilignée (Charanyca trigrammica)', 'Descrition ...', '11.00', 'g', '102.00', 'mm', 'En danger (EN)', '5/10', 'Été/Printemps', '206.00', 5),
(905, 'Point d’exclamation (Agrotis exclamationis)', 'Descrition ...', '163.00', 'g', '168.00', 'mm', 'Éteinte (EX)', '5/10', 'Toute les saisons', '866.00', 16),
(906, 'Acidalie détournée (Idaea aversata)', 'Descrition ...', '78.00', 'g', '287.00', 'mm', 'Quasi menacée (NT)', '5/10', 'Hiver', '234.00', 15),
(907, 'Acidalie maigre (Idaea macilentaria)', 'Descrition ...', '259.00', 'g', '159.00', 'mm', 'Éteinte (EX)', '5/10', 'Été/Printemps', '743.00', 9),
(908, 'Boarmie rhomboïdale (Peribatodes rhomboidaria)', 'Descrition ...', '298.00', 'g', '192.00', 'mm', 'Éteinte (EX)', '5/10', 'Été/Printemps', '114.00', 9),
(909, 'Cabère virginale (Cabera pusaria)', 'Descrition ...', '218.00', 'g', '344.00', 'mm', 'Non évaluée (NE)', '5/10', 'Été', '49.00', 8),
(910, 'Céladon (Campaea margaritaria)', 'Descrition ...', '126.00', 'g', '250.00', 'mm', 'Éteinte (EX)', '5/10', 'Toute les saisons', '625.00', 1),
(911, 'Émeraude (Thetidia smaragdaria)', 'Descrition ...', '176.00', 'g', '11.00', 'mm', 'Préoccupation mineure (LC)', '5/10', 'Printemps/Hiver', '1000.00', 15),
(912, 'Gymnospile commune (Tephronia sepiaria)', 'Descrition ...', '114.00', 'g', '34.00', 'mm', 'Préoccupation mineure (LC)', '5/10', 'Été/Hiver', '197.00', 16),
(913, ' Truie (Idaea biselata)', 'Descrition ...', '91.00', 'g', '2.00', 'mm', 'Données insuffisantes (DD)', '5/10', 'Été', '896.00', 14),
(914, 'Celypha rivulana', 'Descrition ...', '141.00', 'g', '24.00', 'mm', 'Données insuffisantes (DD)', '5/10', 'Été/Printemps', '250.00', 14),
(915, 'Euxanthie du chardon (Agapeta hamana)', 'Descrition ...', '323.00', 'g', '143.00', 'mm', 'Quasi menacée (NT)', '5/10', 'Printemps/Hiver', '637.00', 6),
(916, 'Notocelia uddmanniana', 'Descrition ...', '291.00', 'g', '123.00', 'mm', 'Données insuffisantes (DD)', '5/10', 'Printemps/Hiver', '884.00', 13),
(917, 'Pandemis heparana', 'Descrition ...', '103.00', 'g', '317.00', 'mm', 'Vulnérable (VU)', '5/10', 'Hiver', '770.00', 4),
(918, 'Petite houpette (Hedya salicella)', 'Descrition ...', '152.00', 'g', '129.00', 'mm', 'Éteinte à l’état sauvage (EW)', '5/10', 'Printemps/Automne', '164.00', 3),
(919, 'Petite houpette (Hedya salicella)', 'Descrition ...', '282.00', 'g', '15.00', 'mm', 'Vulnérable (VU)', '5/10', 'Automne', '186.00', 10),
(920, 'Écaille fermière (Arctia villica)', 'Descrition ...', '345.00', 'g', '29.00', 'mm', 'Données insuffisantes (DD)', '5/10', 'Été/Hiver', '344.00', 11),
(921, 'Dromadaire (Notodonta tritophus)', 'Descrition ...', '297.00', 'g', '199.00', 'mm', 'Préoccupation mineure (LC)', '5/10', 'Hiver', '614.00', 1),
(922, 'Hermine (Cerura erminea)', 'Descrition ...', '246.00', 'g', '160.00', 'mm', 'Préoccupation mineure (LC)', '5/10', 'Toute les saisons', '91.00', 3),
(923, 'Nole blanche (Meganola albula)', 'Descrition ...', '49.00', 'g', '230.00', 'mm', 'Éteinte (EX)', '5/10', 'Automne', '84.00', 4),
(924, 'Octogésime (Tethea ocularis)', 'Descrition ...', '319.00', 'g', '302.00', 'mm', 'En danger (EN)', '5/10', 'Été/Printemps', '662.00', 12),
(925, 'Pyrale du houblon (Pleuroptya ruralis)', 'Descrition ...', '339.00', 'g', '172.00', 'mm', 'Quasi menacée (NT)', '5/10', 'Toute les saisons', '794.00', 2),
(926, 'Pyrale du maïs (Ostrinia nubilalis)', 'Descrition ...', '345.00', 'g', '299.00', 'mm', 'Préoccupation mineure (LC)', '5/10', 'Automne', '343.00', 12),
(927, 'Miridius quadrivirgatus', 'Descrition ...', '336.00', 'g', '240.00', 'mm', 'En danger (EN)', '5/10', 'Été', '809.00', 9),
(928, 'Diaperis boleti', 'Descrition ...', '307.00', 'g', '149.00', 'mm', 'Non évaluée (NE)', '5/10', 'Printemps', '41.00', 5),
(929, 'Eristalinus sepulchralis', 'Descrition ...', '158.00', 'g', '26.00', 'mm', 'Éteinte à l’état sauvage (EW)', '5/10', 'Printemps/Hiver', '924.00', 11),
(930, 'Procris (Coenonympha pamphilus)', 'Descrition ...', '144.00', 'g', '260.00', 'mm', 'danger critique (CR)', '5/10', 'Automne/Hiver', '605.00', 15),
(931, 'Mélitée des centaurées (Melitaea phoebe)', 'Descrition ...', '292.00', 'g', '294.00', 'mm', 'En danger (EN)', '5/10', 'Été/Printemps', '714.00', 16),
(932, 'Mélitée du plantain (Melitaea cinxia)', 'Descrition ...', '250.00', 'g', '73.00', 'mm', 'En danger (EN)', '5/10', 'Été/Automne', '927.00', 12),
(933, 'Mélitée des scabieuses (Melitaea parthenoides)', 'Descrition ...', '187.00', 'g', '158.00', 'mm', 'Quasi menacée (NT)', '5/10', 'Été/Printemps', '948.00', 14),
(934, 'Zygène du trèfle (Zygaena trifolii)', 'Descrition ...', '58.00', 'g', '66.00', 'mm', 'Données insuffisantes (DD)', '5/10', 'Printemps/Automne', '312.00', 8),
(935, 'Zygène de la filipendule (Zygaena filipendulae)', 'Descrition ...', '326.00', 'g', '120.00', 'mm', 'Quasi menacée (NT)', '5/10', 'Printemps/Hiver', '94.00', 4),
(936, 'Libellule fauve (Libellula fulva)', 'Descrition ...', '25.00', 'g', '195.00', 'mm', 'Vulnérable (VU)', '5/10', 'Printemps/Hiver', '675.00', 10),
(937, 'Thomise pépin de raisin (Runcinia grammica)', 'Descrition ...', '225.00', 'g', '260.00', 'mm', 'Préoccupation mineure (LC)', '5/10', 'Été/Hiver', '225.00', 8),
(938, 'Thomise globuleuse (Synema globosum)', 'Descrition ...', '243.00', 'g', '323.00', 'mm', 'Préoccupation mineure (LC)', '5/10', 'Printemps/Hiver', '26.00', 16),
(939, 'Morime rugueux (Morimus asper)', 'Descrition ...', '115.00', 'g', '12.00', 'mm', 'Quasi menacée (NT)', '5/10', 'Printemps/Automne', '285.00', 12),
(940, 'Thomise variable (Misumena vatia)', 'Descrition ...', '164.00', 'g', '245.00', 'mm', 'Quasi menacée (NT)', '5/10', 'Été/Automne', '158.00', 14),
(941, 'Thomise enflée (Thomisus onustus)', 'Descrition ...', '296.00', 'g', '153.00', 'mm', 'En danger (EN)', '5/10', 'Été/Automne', '107.00', 4),
(942, 'Cétoine grise (Oxythyrea funesta)', 'Descrition ...', '81.00', 'g', '167.00', 'mm', 'Quasi menacée (NT)', '5/10', 'Été', '50.00', 5),
(943, 'Sténoptère roux (Stenopterus rufus)', 'Descrition ...', '111.00', 'g', '300.00', 'mm', 'Éteinte à l’état sauvage (EW)', '5/10', 'Hiver', '478.00', 1),
(944, 'Cétoine grise (Oxythyrea funesta)', 'Descrition ...', '35.00', 'g', '63.00', 'mm', 'Vulnérable (VU)', '5/10', 'Hiver', '755.00', 6),
(945, 'Soyeuse (Rivula sericealis)', 'Descrition ...', '224.00', 'g', '91.00', 'mm', 'Quasi menacée (NT)', '5/10', 'Automne/Hiver', '503.00', 3),
(946, 'Atherix ibis', 'Descrition ...', '39.00', 'g', '320.00', 'mm', 'Éteinte (EX)', '5/10', 'Été', '188.00', 5),
(947, 'Mégère (Lasiommata megera)', 'Descrition ...', '64.00', 'g', '294.00', 'mm', 'danger critique (CR)', '5/10', 'Automne/Hiver', '805.00', 5),
(948, 'Evarcha arcuata', 'Descrition ...', '23.00', 'g', '52.00', 'mm', 'Non évaluée (NE)', '5/10', 'Printemps/Automne', '357.00', 14),
(949, 'Ischnure élégante (Ischnura elegans)', 'Descrition ...', '106.00', 'g', '114.00', 'mm', 'Données insuffisantes (DD)', '5/10', 'Été/Printemps', '117.00', 11),
(950, 'Leste brun (Sympecma fusca)', 'Descrition ...', '243.00', 'g', '222.00', 'mm', 'danger critique (CR)', '5/10', 'Automne', '534.00', 6),
(951, 'Pisaure admirable (Pisaura mirabilis)', 'Descrition ...', '208.00', 'g', '205.00', 'mm', 'Données insuffisantes (DD)', '5/10', 'Automne', '92.00', 13),
(952, 'Epeire de velours (Agalenatea redii)', 'Descrition ...', '308.00', 'g', '106.00', 'mm', 'Éteinte à l’état sauvage (EW)', '5/10', 'Automne', '834.00', 5),
(953, 'Tircis (Pararge aegeria)', 'Descrition ...', '194.00', 'g', '265.00', 'mm', 'Quasi menacée (NT)', '5/10', 'Hiver', '910.00', 4),
(954, 'Cétoine grise (Oxythyrea funesta)', 'Descrition ...', '279.00', 'g', '349.00', 'mm', 'Éteinte à l’état sauvage (EW)', '5/10', 'Printemps', '282.00', 16),
(955, 'Rhopalus subrufus', 'Descrition ...', '89.00', 'g', '304.00', 'mm', 'En danger (EN)', '5/10', 'Printemps', '992.00', 13),
(956, 'Procris (Coenonympha pamphilus)', 'Descrition ...', '118.00', 'g', '245.00', 'mm', 'Préoccupation mineure (LC)', '5/10', 'Été/Hiver', '653.00', 16),
(957, 'Crambus pascuella/uliginosellus', 'Descrition ...', '228.00', 'g', '252.00', 'mm', 'Préoccupation mineure (LC)', '5/10', 'Printemps', '848.00', 5),
(958, 'Crambus pascuella/uliginosellus', 'Descrition ...', '175.00', 'g', '289.00', 'mm', 'En danger (EN)', '5/10', 'Hiver', '500.00', 3),
(959, 'Mélitée du plantain (Melitaea cinxia)', 'Descrition ...', '230.00', 'g', '299.00', 'mm', 'Éteinte (EX)', '5/10', 'Été/Printemps', '145.00', 10),
(960, 'Cuivré commun (Lycaena phlaeas)', 'Descrition ...', '146.00', 'g', '134.00', 'mm', 'Préoccupation mineure (LC)', '5/10', 'Hiver', '370.00', 15),
(961, 'Ascalaphe soufré (Libelloides coccajus)', 'Descrition ...', '241.00', 'g', '328.00', 'mm', 'Préoccupation mineure (LC)', '5/10', 'Été', '167.00', 7),
(962, 'Doublure jaune (Euclidia glyphica)', 'Descrition ...', '144.00', 'g', '277.00', 'mm', 'Éteinte à l’état sauvage (EW)', '5/10', 'Toute les saisons', '761.00', 11),
(963, 'Punaise ornée du chou (Eurydema ornata)', 'Descrition ...', '126.00', 'g', '78.00', 'mm', 'Vulnérable (VU)', '5/10', 'Été', '49.00', 1),
(964, 'Azuré de la faucille (Cupido alcetas)', 'Descrition ...', '89.00', 'g', '49.00', 'mm', 'Éteinte à l’état sauvage (EW)', '5/10', 'Été', '763.00', 11),
(965, 'Zygène du trèfle (Zygaena trifolii)', 'Descrition ...', '347.00', 'g', '9.00', 'mm', 'Données insuffisantes (DD)', '5/10', 'Été/Printemps', '162.00', 16),
(966, 'Cryptocéphale à corselet rugueux (Cryptocephalus rugicollis)', 'Descrition ...', '266.00', 'g', '313.00', 'mm', 'danger critique (CR)', '5/10', 'Printemps/Automne', '313.00', 10),
(967, 'Laphria ephippium', 'Descrition ...', '115.00', 'g', '295.00', 'mm', 'Non évaluée (NE)', '5/10', 'Été/Automne', '472.00', 1),
(968, 'Valgue hémiptère (Valgus hemimpterus)', 'Descrition ...', '275.00', 'g', '38.00', 'mm', 'Préoccupation mineure (LC)', '5/10', 'Printemps/Automne', '261.00', 7),
(969, 'Clairon des ruches (Trichodes alvearius)', 'Descrition ...', '349.00', 'g', '262.00', 'mm', 'Préoccupation mineure (LC)', '5/10', 'Automne', '484.00', 6),
(970, 'Pisaure admirable (Pisaura mirabilis)', 'Descrition ...', '245.00', 'g', '237.00', 'mm', 'danger critique (CR)', '5/10', 'Été', '94.00', 16),
(971, 'Cétoine grise (Oxythyrea funesta)', 'Descrition ...', '230.00', 'g', '151.00', 'mm', 'Éteinte (EX)', '5/10', 'Printemps', '178.00', 16),
(972, 'Thomise pépin de raisin (Runcinia grammica)', 'Descrition ...', '303.00', 'g', '314.00', 'mm', 'Données insuffisantes (DD)', '5/10', 'Été/Automne', '110.00', 2),
(973, 'Thomise enflée (Thomisus onustus)', 'Descrition ...', '325.00', 'g', '290.00', 'mm', 'Non évaluée (NE)', '5/10', 'Toute les saisons', '760.00', 14),
(974, 'Cuivré fuligineux (Lycaena tityrus)', 'Descrition ...', '104.00', 'g', '345.00', 'mm', 'Quasi menacée (NT)', '5/10', 'Printemps/Automne', '755.00', 6),
(975, 'Procris (Coenonympha pamphilus)', 'Descrition ...', '86.00', 'g', '193.00', 'mm', 'Vulnérable (VU)', '5/10', 'Printemps/Hiver', '208.00', 14),
(976, 'Oxypore roux (Oxyporus rufus)', 'Descrition ...', '127.00', 'g', '214.00', 'mm', 'Quasi menacée (NT)', '5/10', 'Printemps/Hiver', '598.00', 7),
(977, 'Mélitée du plantain (Melitaea cinxia)', 'Descrition ...', '171.00', 'g', '161.00', 'mm', 'Éteinte (EX)', '5/10', 'Automne/Hiver', '211.00', 8),
(978, 'Vulcain (Vanessa atalanta)', 'Descrition ...', '114.00', 'g', '24.00', 'mm', 'Vulnérable (VU)', '5/10', 'Printemps', '919.00', 13),
(979, 'Écaille cramoisie (Phragmatobia fuliginosa)', 'Descrition ...', '339.00', 'g', '343.00', 'mm', 'Éteinte (EX)', '5/10', 'Automne', '89.00', 15),
(980, 'Citronnelle rouillée (Opisthograptis luteolata)', 'Descrition ...', '44.00', 'g', '1.00', 'mm', 'Préoccupation mineure (LC)', '5/10', 'Hiver', '440.00', 14),
(981, 'Chlaeniellus vestitus', 'Descrition ...', '169.00', 'g', '78.00', 'mm', 'Éteinte (EX)', '5/10', 'Été/Hiver', '896.00', 4),
(982, 'Acidalie blanchâtre (Idaea subsericeata)', 'Descrition ...', '344.00', 'g', '246.00', 'mm', 'Éteinte (EX)', '5/10', 'Automne/Hiver', '894.00', 8),
(983, 'Acidalie dégénérée (Idaea degeneraria)', 'Descrition ...', '309.00', 'g', '138.00', 'mm', 'Non évaluée (NE)', '5/10', 'Été', '417.00', 2),
(984, 'Aspilate ochracée (Aspitates ochrearia)', 'Descrition ...', '203.00', 'g', '236.00', 'mm', 'Éteinte à l’état sauvage (EW)', '5/10', 'Automne', '145.00', 8),
(985, 'Bombyx de la ronce (Macrothylacia rubi)', 'Descrition ...', '230.00', 'g', '292.00', 'mm', 'Données insuffisantes (DD)', '5/10', 'Toute les saisons', '210.00', 15),
(986, 'C noir (Xestia c-nigrum)', 'Descrition ...', '200.00', 'g', '16.00', 'mm', 'Éteinte (EX)', '5/10', 'Été/Automne', '400.00', 3),
(987, 'Écaille lièvre (Spilosoma lutea)', 'Descrition ...', '270.00', 'g', '285.00', 'mm', 'Éteinte (EX)', '5/10', 'Été/Automne', '879.00', 10),
(988, 'Écaille tigrée (Spilosoma lubricipeda)', 'Descrition ...', '135.00', 'g', '105.00', 'mm', 'danger critique (CR)', '5/10', 'Été/Automne', '548.00', 12),
(989, 'Hanneton commun (Melolontha melolontha)', 'Descrition ...', '193.00', 'g', '47.00', 'mm', 'Vulnérable (VU)', '5/10', 'Été', '833.00', 10),
(990, 'Hémithée éruginée (Jodis lactearia)', 'Descrition ...', '255.00', 'g', '156.00', 'mm', 'Quasi menacée (NT)', '5/10', 'Printemps/Hiver', '151.00', 6),
(991, 'Louvette (Pharmacis lupulina)', 'Descrition ...', '223.00', 'g', '255.00', 'mm', 'Quasi menacée (NT)', '5/10', 'Été', '386.00', 10),
(992, 'Manteau jaune (Eilema sororcula)', 'Descrition ...', '302.00', 'g', '186.00', 'mm', 'En danger (EN)', '5/10', 'Automne/Hiver', '255.00', 12),
(993, 'Leucanie sicilienne (Mythimna sicula)/Mythimna alopecuri', 'Descrition ...', '184.00', 'g', '288.00', 'mm', 'Non évaluée (NE)', '5/10', 'Toute les saisons', '636.00', 9),
(994, 'Noctuelle de la tomate (Helicoverpa armigera)', 'Descrition ...', '218.00', 'g', '292.00', 'mm', 'Vulnérable (VU)', '5/10', 'Été/Automne', '877.00', 13),
(995, 'Patte-Etendue (Calliteara pudibunda)', 'Descrition ...', '318.00', 'g', '309.00', 'mm', 'Données insuffisantes (DD)', '5/10', 'Été', '841.00', 6),
(996, 'Point blanc (Mythimna albipuncta)', 'Descrition ...', '6.00', 'g', '311.00', 'mm', 'danger critique (CR)', '5/10', 'Automne', '345.00', 16),
(997, 'Rhagio tringarius', 'Descrition ...', '238.00', 'g', '342.00', 'mm', 'En danger (EN)', '5/10', 'Été/Printemps', '759.00', 10),
(998, 'Rhantus suturalis', 'Descrition ...', '342.00', 'g', '253.00', 'mm', 'En danger (EN)', '5/10', 'Été/Hiver', '614.00', 3),
(999, 'Mystacides azureus/nigra', 'Descrition ...', '162.00', 'g', '284.00', 'mm', 'Éteinte (EX)', '5/10', 'Été/Hiver', '837.00', 12),
(1000, 'Ischnure élégante (Ischnura elegans)', 'Descrition ...', '159.00', 'g', '241.00', 'mm', 'Éteinte (EX)', '5/10', 'Automne/Hiver', '918.00', 11),
(1001, 'Procris (Coenonympha pamphilus)', 'Descrition ...', '206.00', 'g', '143.00', 'mm', 'Vulnérable (VU)', '5/10', 'Été/Hiver', '317.00', 10),
(1002, 'Leste brun (Sympecma fusca)', 'Descrition ...', '166.00', 'g', '133.00', 'mm', 'Éteinte à l’état sauvage (EW)', '5/10', 'Toute les saisons', '101.00', 8),
(1003, 'Clairon des ruches (Trichodes alvearius)', 'Descrition ...', '235.00', 'g', '276.00', 'mm', 'Éteinte à l’état sauvage (EW)', '5/10', 'Été/Hiver', '364.00', 9),
(1004, 'Adélocère des potagers (Agrypnus murinus)', 'Descrition ...', '226.00', 'g', '124.00', 'mm', 'En danger (EN)', '5/10', 'Printemps', '306.00', 10),
(1005, 'Cyclosa oculata', 'Descrition ...', '153.00', 'g', '196.00', 'mm', 'Éteinte à l’état sauvage (EW)', '5/10', 'Été', '272.00', 15),
(1006, 'Mélitée des centaurées (Melitaea phoebe)', 'Descrition ...', '112.00', 'g', '259.00', 'mm', 'Quasi menacée (NT)', '5/10', 'Printemps', '330.00', 13),
(1007, 'Epeire dromadaire (Gibbaranea bituberculata)', 'Descrition ...', '97.00', 'g', '4.00', 'mm', 'En danger (EN)', '5/10', 'Toute les saisons', '974.00', 4),
(1008, 'Cétoine grise (Oxythyrea funesta)', 'Descrition ...', '110.00', 'g', '63.00', 'mm', 'Éteinte (EX)', '5/10', 'Été/Printemps', '748.00', 7),
(1009, 'Phasie crassipenne (Ectophasia crassipennis)', 'Descrition ...', '340.00', 'g', '231.00', 'mm', 'Quasi menacée (NT)', '5/10', 'Automne/Hiver', '776.00', 15),
(1010, 'Psilothrix viridicoerulea', 'Descrition ...', '12.00', 'g', '11.00', 'mm', 'danger critique (CR)', '5/10', 'Automne/Hiver', '727.00', 12),
(1011, 'Noctuelle du millepertuis (Chloantha hyperici)', 'Descrition ...', '69.00', 'g', '106.00', 'mm', 'Quasi menacée (NT)', '5/10', 'Été/Hiver', '883.00', 3),
(1012, 'Flambé (Iphiclides podalirius)', 'Descrition ...', '131.00', 'g', '22.00', 'mm', 'Données insuffisantes (DD)', '5/10', 'Printemps/Hiver', '865.00', 6),
(1013, 'Vulcain (Vanessa atalanta)', 'Descrition ...', '129.00', 'g', '290.00', 'mm', 'danger critique (CR)', '5/10', 'Printemps', '434.00', 7),
(1014, 'Phalène picotée (Ematurga atomaria)', 'Descrition ...', '240.00', 'g', '226.00', 'mm', 'Préoccupation mineure (LC)', '5/10', 'Printemps/Automne', '173.00', 11),
(1015, 'Corée marginée (Coreus marginatus)', 'Descrition ...', '1.00', 'g', '176.00', 'mm', 'En danger (EN)', '5/10', 'Toute les saisons', '787.00', 5),
(1016, 'Pisaure admirable (Pisaura mirabilis)', 'Descrition ...', '94.00', 'g', '325.00', 'mm', 'Éteinte (EX)', '5/10', 'Printemps/Automne', '628.00', 11),
(1017, 'Tircis (Pararge aegeria)', 'Descrition ...', '162.00', 'g', '27.00', 'mm', 'En danger (EN)', '5/10', 'Été/Automne', '277.00', 8),
(1018, 'Hispe noire (Hispa atra)', 'Descrition ...', '236.00', 'g', '279.00', 'mm', 'Éteinte (EX)', '5/10', 'Été/Automne', '613.00', 14),
(1019, 'Cétoine grise (Oxythyrea funesta)', 'Descrition ...', '34.00', 'g', '328.00', 'mm', 'En danger (EN)', '5/10', 'Été/Printemps', '615.00', 4),
(1020, 'Bombyx du trèfle (Lasiocampa trifolii)', 'Descrition ...', '60.00', 'g', '75.00', 'mm', 'Éteinte (EX)', '5/10', 'Été/Printemps', '969.00', 9),
(1021, 'Epeire de velours (Agalenatea redii)', 'Descrition ...', '334.00', 'g', '200.00', 'mm', 'Quasi menacée (NT)', '5/10', 'Printemps/Automne', '551.00', 8),
(1022, 'Coccinelle à 24 points (Subcoccinella 24 punctata)', 'Descrition ...', '177.00', 'g', '10.00', 'mm', 'En danger (EN)', '5/10', 'Automne/Hiver', '997.00', 1),
(1023, 'Epeire de velours (Agalenatea redii)', 'Descrition ...', '219.00', 'g', '44.00', 'mm', 'En danger (EN)', '5/10', 'Toute les saisons', '813.00', 13),
(1024, 'Pisaure admirable (Pisaura mirabilis)', 'Descrition ...', '329.00', 'g', '27.00', 'mm', 'Non évaluée (NE)', '5/10', 'Été/Printemps', '928.00', 10),
(1025, 'Mangore petite-bouteille (Mangora acalypha)', 'Descrition ...', '311.00', 'g', '314.00', 'mm', 'Vulnérable (VU)', '5/10', 'Été/Printemps', '970.00', 14),
(1026, 'Hispe noire (Hispa atra)', 'Descrition ...', '138.00', 'g', '289.00', 'mm', 'Préoccupation mineure (LC)', '5/10', 'Printemps/Hiver', '414.00', 8),
(1027, 'Leucanie orbicole (Mythimna unipuncta)', 'Descrition ...', '190.00', 'g', '338.00', 'mm', 'Préoccupation mineure (LC)', '5/10', 'Toute les saisons', '602.00', 14),
(1028, 'Polydrusus prasinus', 'Descrition ...', '265.00', 'g', '106.00', 'mm', 'Quasi menacée (NT)', '5/10', 'Hiver', '14.00', 2),
(1029, 'Cidnope poilu (Cidnopus pilosus)', 'Descrition ...', '108.00', 'g', '14.00', 'mm', 'Données insuffisantes (DD)', '5/10', 'Automne/Hiver', '324.00', 13),
(1030, 'Carabe doré (Carabus auratus)', 'Descrition ...', '188.00', 'g', '46.00', 'mm', 'Éteinte à l’état sauvage (EW)', '5/10', 'Toute les saisons', '102.00', 13),
(1031, 'Aethes williana', 'Descrition ...', '79.00', 'g', '285.00', 'mm', 'Éteinte à l’état sauvage (EW)', '5/10', 'Été', '296.00', 11),
(1032, 'Aurore (Anthocharis cardamines)', 'Descrition ...', '96.00', 'g', '201.00', 'mm', 'Éteinte (EX)', '5/10', 'Automne/Hiver', '686.00', 8),
(1033, 'Thècle de la ronce (Callophrys rubi)', 'Descrition ...', '344.00', 'g', '291.00', 'mm', 'danger critique (CR)', '5/10', 'Été/Printemps', '196.00', 8),
(1034, 'Vulcain (Vanessa atalanta)', 'Descrition ...', '267.00', 'g', '28.00', 'mm', 'Données insuffisantes (DD)', '5/10', 'Printemps/Hiver', '716.00', 13),
(1035, 'Tircis (Pararge aegeria)', 'Descrition ...', '200.00', 'g', '345.00', 'mm', 'Préoccupation mineure (LC)', '5/10', 'Printemps/Automne', '131.00', 1),
(1036, 'Vulcain (Vanessa atalanta)', 'Descrition ...', '203.00', 'g', '257.00', 'mm', 'Éteinte (EX)', '5/10', 'Automne', '834.00', 15),
(1037, 'Pisaure admirable (Pisaura mirabilis)', 'Descrition ...', '259.00', 'g', '10.00', 'mm', 'Éteinte (EX)', '5/10', 'Printemps', '404.00', 9),
(1038, 'Mélitée du plantain (Melitaea cinxia)', 'Descrition ...', '326.00', 'g', '2.00', 'mm', 'Vulnérable (VU)', '5/10', 'Été/Automne', '427.00', 14),
(1039, 'Epeire dromadaire (Gibbaranea bituberculata)', 'Descrition ...', '119.00', 'g', '302.00', 'mm', 'Quasi menacée (NT)', '5/10', 'Printemps/Automne', '546.00', 14),
(1040, 'Epeire dromadaire (Gibbaranea bituberculata)', 'Descrition ...', '30.00', 'g', '3.00', 'mm', 'Quasi menacée (NT)', '5/10', 'Été/Automne', '501.00', 11),
(1041, 'Hispe noire (Hispa atra)', 'Descrition ...', '124.00', 'g', '58.00', 'mm', 'Vulnérable (VU)', '5/10', 'Été/Printemps', '904.00', 9),
(1042, 'Leste brun (Sympecma fusca)', 'Descrition ...', '275.00', 'g', '207.00', 'mm', 'Quasi menacée (NT)', '5/10', 'Printemps', '355.00', 13),
(1043, 'Ischnure élégante (Ischnura elegans)', 'Descrition ...', '335.00', 'g', '44.00', 'mm', 'Données insuffisantes (DD)', '5/10', 'Été/Printemps', '955.00', 3),
(1044, 'Leste brun (Sympecma fusca)', 'Descrition ...', '291.00', 'g', '24.00', 'mm', 'Données insuffisantes (DD)', '5/10', 'Été/Hiver', '248.00', 1),
(1045, 'Leste brun (Sympecma fusca)', 'Descrition ...', '47.00', 'g', '70.00', 'mm', 'Éteinte (EX)', '5/10', 'Automne/Hiver', '157.00', 1),
(1046, 'Épeire dromadaire (Gibbaranea bituberculata)', 'Descrition ...', '111.00', 'g', '57.00', 'mm', 'Vulnérable (VU)', '5/10', 'Printemps/Automne', '246.00', 10),
(1047, 'Melanocoryphus albomaculatus', 'Descrition ...', '215.00', 'g', '318.00', 'mm', 'danger critique (CR)', '5/10', 'Été/Hiver', '487.00', 4),
(1048, 'Mangore petite-bouteille (Mangora acalypha)', 'Descrition ...', '311.00', 'g', '38.00', 'mm', 'danger critique (CR)', '5/10', 'Toute les saisons', '856.00', 9);
INSERT INTO `T_Insecte` (`IdInsecte`, `Nom`, `Description`, `Poids`, `UniteMasse`, `Taille`, `UniteTaille`, `Menace`, `Dangereusite`, `Saison`, `longevite`, `IdTypeInsecte`) VALUES
(1049, 'Épeire dromadaire (Gibbaranea bituberculata)', 'Descrition ...', '194.00', 'g', '33.00', 'mm', 'Quasi menacée (NT)', '5/10', 'Automne', '428.00', 2),
(1050, 'Épeire de velours (Agalenatea redii)', 'Descrition ...', '153.00', 'g', '331.00', 'mm', 'En danger (EN)', '5/10', 'Printemps', '291.00', 11),
(1051, 'Ebrechtella tricuspidata', 'Descrition ...', '74.00', 'g', '331.00', 'mm', 'Vulnérable (VU)', '5/10', 'Printemps/Automne', '403.00', 10),
(1052, 'Sténoptère roux (Stenopterus rufus)', 'Descrition ...', '101.00', 'g', '67.00', 'mm', 'danger critique (CR)', '5/10', 'Été/Printemps', '13.00', 16),
(1053, 'Syromastus rhombeus', 'Descrition ...', '145.00', 'g', '82.00', 'mm', 'Préoccupation mineure (LC)', '5/10', 'Été/Hiver', '954.00', 10),
(1054, 'Coccinelle des saules (Chilocorus renipustulatus)', 'Descrition ...', '256.00', 'g', '138.00', 'mm', 'Éteinte (EX)', '5/10', 'Printemps/Automne', '907.00', 10),
(1055, 'Cionus alauda', 'Descrition ...', '305.00', 'g', '229.00', 'mm', 'Éteinte à l’état sauvage (EW)', '5/10', 'Été', '69.00', 9),
(1056, 'Ischnodemus sabuleti/I.quadratus', 'Descrition ...', '9.00', 'g', '236.00', 'mm', 'Préoccupation mineure (LC)', '5/10', 'Automne/Hiver', '181.00', 5),
(1057, 'Pisaure admirable (Pisaura mirabilis)', 'Descrition ...', '249.00', 'g', '302.00', 'mm', 'Non évaluée (NE)', '5/10', 'Été/Hiver', '861.00', 2),
(1058, 'Aurore (Anthocharis cardamines)', 'Descrition ...', '221.00', 'g', '59.00', 'mm', 'Quasi menacée (NT)', '5/10', 'Automne/Hiver', '168.00', 2),
(1059, 'Thomise pépin de raisin (Runcinia grammica)', 'Descrition ...', '329.00', 'g', '134.00', 'mm', 'Données insuffisantes (DD)', '5/10', 'Été', '744.00', 3),
(1060, 'Micrelytra fossularum', 'Descrition ...', '82.00', 'g', '327.00', 'mm', 'Éteinte à l’état sauvage (EW)', '5/10', 'Hiver', '691.00', 9),
(1061, 'Pisaure admirable (Pisaura mirabilis)', 'Descrition ...', '176.00', 'g', '261.00', 'mm', 'Éteinte (EX)', '5/10', 'Été/Hiver', '6.00', 1),
(1062, 'Aurore (Anthocharis cardamines)', 'Descrition ...', '85.00', 'g', '71.00', 'mm', 'Non évaluée (NE)', '5/10', 'Été/Printemps', '226.00', 7),
(1063, 'Saltique orangée (Carrhotus xanthogramma)', 'Descrition ...', '123.00', 'g', '52.00', 'mm', 'Éteinte (EX)', '5/10', 'Été/Hiver', '119.00', 4),
(1064, 'Pisaure admirable (Pisaura mirabilis)', 'Descrition ...', '159.00', 'g', '92.00', 'mm', 'Éteinte (EX)', '5/10', 'Été', '446.00', 11),
(1065, 'Stenodema laevigatum', 'Descrition ...', '85.00', 'g', '227.00', 'mm', 'Données insuffisantes (DD)', '5/10', 'Été/Printemps', '908.00', 10),
(1066, 'Drypte dentée (Drypta dentata)', 'Descrition ...', '72.00', 'g', '24.00', 'mm', 'Éteinte à l’état sauvage (EW)', '5/10', 'Printemps', '338.00', 11),
(1067, 'Noctuelle de la patience (Acronicta rumicis)', 'Descrition ...', '43.00', 'g', '33.00', 'mm', 'danger critique (CR)', '5/10', 'Été/Automne', '437.00', 9),
(1068, 'Chlaeniellus vestitus', 'Descrition ...', '51.00', 'g', '226.00', 'mm', 'Non évaluée (NE)', '5/10', 'Printemps/Automne', '537.00', 6),
(1069, 'Citronnelle rouillée (Opisthograptis luteolata)', 'Descrition ...', '309.00', 'g', '103.00', 'mm', 'Vulnérable (VU)', '5/10', 'Printemps/Hiver', '49.00', 5),
(1070, 'Cochylis atricapitana', 'Descrition ...', '226.00', 'g', '264.00', 'mm', 'Vulnérable (VU)', '5/10', 'Hiver', '781.00', 2),
(1071, 'Cyclophora punctaria', 'Descrition ...', '347.00', 'g', '212.00', 'mm', 'Quasi menacée (NT)', '5/10', 'Automne/Hiver', '237.00', 12),
(1072, 'Écaille cramoisie (Phragmatobia fuliginosa)', 'Descrition ...', '237.00', 'g', '166.00', 'mm', 'Non évaluée (NE)', '5/10', 'Été', '466.00', 3),
(1073, 'Eupithécie du Kermès (Eupithecia cocciferata)', 'Descrition ...', '155.00', 'g', '64.00', 'mm', 'Vulnérable (VU)', '5/10', 'Printemps', '311.00', 10),
(1074, 'Eupithécie couronnée (Chloroclystis v-ata)', 'Descrition ...', '339.00', 'g', '336.00', 'mm', 'En danger (EN)', '5/10', 'Printemps', '344.00', 2),
(1075, 'Coccinelle à 16 macules (Halyzia sedecimguttata)', 'Descrition ...', '235.00', 'g', '233.00', 'mm', 'En danger (EN)', '5/10', 'Été/Automne', '57.00', 2),
(1076, 'Museau (Pterostoma palpina)', 'Descrition ...', '28.00', 'g', '241.00', 'mm', 'Non évaluée (NE)', '5/10', 'Été/Hiver', '205.00', 14),
(1077, 'Leucanie sicilienne (Mythimna sicula)/Mythimna alopecuri', 'Descrition ...', '137.00', 'g', '17.00', 'mm', 'En danger (EN)', '5/10', 'Automne', '995.00', 8),
(1078, 'Noctuelle des Abbés (Conistra staudingeri)', 'Descrition ...', '60.00', 'g', '293.00', 'mm', 'Quasi menacée (NT)', '5/10', 'Hiver', '936.00', 8),
(1079, 'Noctuelle du coudrier (Colocasia coryli)', 'Descrition ...', '249.00', 'g', '74.00', 'mm', 'Éteinte à l’état sauvage (EW)', '5/10', 'Printemps/Hiver', '486.00', 6),
(1080, 'Phalène distincte (Aleucis distinctata)', 'Descrition ...', '172.00', 'g', '311.00', 'mm', 'Non évaluée (NE)', '5/10', 'Automne', '42.00', 11),
(1081, 'Xanthie safranée (Jodia croceago)', 'Descrition ...', '269.00', 'g', '320.00', 'mm', 'Éteinte (EX)', '5/10', 'Été/Hiver', '503.00', 12),
(1082, 'Tircis (Pararge aegeria)', 'Descrition ...', '106.00', 'g', '206.00', 'mm', 'danger critique (CR)', '5/10', 'Toute les saisons', '516.00', 12),
(1083, 'Pisaure admirable (Pisaura mirabilis)', 'Descrition ...', '142.00', 'g', '179.00', 'mm', 'Non évaluée (NE)', '5/10', 'Printemps/Hiver', '197.00', 9),
(1084, 'Pisaure admirable (Pisaura mirabilis)', 'Descrition ...', '106.00', 'g', '108.00', 'mm', 'Non évaluée (NE)', '5/10', 'Printemps/Hiver', '743.00', 14),
(1085, 'Géomètre à barreaux (Chiasmia clathrata)', 'Descrition ...', '90.00', 'g', '110.00', 'mm', 'Données insuffisantes (DD)', '5/10', 'Été/Hiver', '267.00', 15),
(1086, 'Coccinelle à damier (Propylea quatuordecimpunctata)', 'Descrition ...', '261.00', 'g', '75.00', 'mm', 'Quasi menacée (NT)', '5/10', 'Automne', '49.00', 15),
(1087, 'Cuivré commun (Lycaena phlaeas)', 'Descrition ...', '189.00', 'g', '344.00', 'mm', 'Vulnérable (VU)', '5/10', 'Été/Automne', '779.00', 6),
(1088, 'Epeire de velours (Agalenatea redii)', 'Descrition ...', '334.00', 'g', '149.00', 'mm', 'En danger (EN)', '5/10', 'Été/Hiver', '392.00', 2),
(1089, 'Larinioides cornutus/suspicax/folium', 'Descrition ...', '153.00', 'g', '200.00', 'mm', 'Quasi menacée (NT)', '5/10', 'Printemps/Automne', '403.00', 15),
(1090, 'Scatophage du fumier (Scathophaga stercoraria)', 'Descrition ...', '94.00', 'g', '3.00', 'mm', 'danger critique (CR)', '5/10', 'Hiver', '78.00', 2),
(1091, 'Empuse commune (Empusa pennata)', 'Descrition ...', '140.00', 'g', '22.00', 'mm', 'En danger (EN)', '5/10', 'Automne/Hiver', '74.00', 2),
(1092, 'Pisaure admirable (Pisaura mirabilis)', 'Descrition ...', '348.00', 'g', '245.00', 'mm', 'En danger (EN)', '5/10', 'Été/Printemps', '881.00', 11),
(1093, 'Larinioides cornutus/suspicax/folium', 'Descrition ...', '196.00', 'g', '51.00', 'mm', 'danger critique (CR)', '5/10', 'Toute les saisons', '54.00', 4),
(1094, 'Punaise ornée du chou (Eurydema ornata)', 'Descrition ...', '81.00', 'g', '124.00', 'mm', 'Quasi menacée (NT)', '5/10', 'Été/Automne', '501.00', 9),
(1095, 'Scatophage du fumier (Scathophaga stercoraria)', 'Descrition ...', '269.00', 'g', '208.00', 'mm', 'danger critique (CR)', '5/10', 'Automne', '901.00', 1),
(1096, 'Epeire de velours (Agalenatea redii)', 'Descrition ...', '120.00', 'g', '172.00', 'mm', 'En danger (EN)', '5/10', 'Hiver', '520.00', 14),
(1097, 'Pisaure admirable (Pisaura mirabilis)', 'Descrition ...', '56.00', 'g', '340.00', 'mm', 'En danger (EN)', '5/10', 'Printemps', '340.00', 12),
(1098, 'Epeire de velours (Agalenatea redii)', 'Descrition ...', '238.00', 'g', '169.00', 'mm', 'Non évaluée (NE)', '5/10', 'Toute les saisons', '89.00', 15),
(1099, 'Coccinelle à 24 points (Subcoccinella 24 punctata)', 'Descrition ...', '101.00', 'g', '123.00', 'mm', 'Quasi menacée (NT)', '5/10', 'Automne', '188.00', 9),
(1100, 'Punaise des genêts (Piezodorus lituratus)', 'Descrition ...', '254.00', 'g', '157.00', 'mm', 'Vulnérable (VU)', '5/10', 'Été/Automne', '98.00', 11),
(1101, 'Boarmie pétrifiée (Menophra abruptaria)', 'Descrition ...', '322.00', 'g', '44.00', 'mm', 'danger critique (CR)', '5/10', 'Printemps', '341.00', 12),
(1102, 'Syrphe du groseillier (Syrphus ribesii)', 'Descrition ...', '140.00', 'g', '6.00', 'mm', 'Données insuffisantes (DD)', '5/10', 'Printemps/Hiver', '665.00', 4),
(1103, 'Epeire de velours (Agalenatea redii)', 'Descrition ...', '314.00', 'g', '122.00', 'mm', 'En danger (EN)', '5/10', 'Toute les saisons', '134.00', 9),
(1104, 'Mangore petite-bouteille (Mangora acalypha)', 'Descrition ...', '315.00', 'g', '273.00', 'mm', 'Vulnérable (VU)', '5/10', 'Toute les saisons', '380.00', 9),
(1105, 'Epeire de velours (Agalenatea redii)', 'Descrition ...', '213.00', 'g', '242.00', 'mm', 'Préoccupation mineure (LC)', '5/10', 'Toute les saisons', '506.00', 12),
(1106, 'Mangore petite-bouteille (Mangora acalypha)', 'Descrition ...', '271.00', 'g', '165.00', 'mm', 'En danger (EN)', '5/10', 'Été/Hiver', '22.00', 12),
(1107, 'Mélitée du plantain (Melitaea cinxia)', 'Descrition ...', '154.00', 'g', '88.00', 'mm', 'En danger (EN)', '5/10', 'Été/Automne', '952.00', 7),
(1108, 'Epeire de velours (Agalenatea redii)', 'Descrition ...', '294.00', 'g', '33.00', 'mm', 'danger critique (CR)', '5/10', 'Automne/Hiver', '400.00', 6),
(1109, 'Pisaure admirable (Pisaura mirabilis)', 'Descrition ...', '184.00', 'g', '61.00', 'mm', 'Éteinte à l’état sauvage (EW)', '5/10', 'Automne/Hiver', '354.00', 11),
(1110, 'Soucieuse (Orgyia recens)', 'Descrition ...', '23.00', 'g', '285.00', 'mm', 'Données insuffisantes (DD)', '5/10', 'Été/Printemps', '347.00', 1),
(1111, 'Epeire de velours (Agalenatea redii)', 'Descrition ...', '219.00', 'g', '292.00', 'mm', 'Quasi menacée (NT)', '5/10', 'Été', '936.00', 11),
(1112, 'Paon du jour (Aglais io)', 'Descrition ...', '329.00', 'g', '300.00', 'mm', 'Non évaluée (NE)', '5/10', 'Été/Hiver', '338.00', 1),
(1113, 'Tircis (Pararge aegeria)', 'Descrition ...', '159.00', 'g', '91.00', 'mm', 'Non évaluée (NE)', '5/10', 'Printemps', '917.00', 9),
(1114, 'Paon du jour (Aglais io)', 'Descrition ...', '214.00', 'g', '256.00', 'mm', 'Quasi menacée (NT)', '5/10', 'Printemps', '186.00', 11),
(1115, 'Leste brun (Sympecma fusca)', 'Descrition ...', '27.00', 'g', '218.00', 'mm', 'En danger (EN)', '5/10', 'Été/Hiver', '954.00', 16),
(1116, 'Petite tortue (Aglais urticae)', 'Descrition ...', '223.00', 'g', '221.00', 'mm', 'Éteinte à l’état sauvage (EW)', '5/10', 'Printemps/Automne', '72.00', 14),
(1117, 'Paon du jour (Aglais io)', 'Descrition ...', '324.00', 'g', '23.00', 'mm', 'Vulnérable (VU)', '5/10', 'Hiver', '886.00', 2),
(1118, 'Trithémis annelé (Trithemis annulata)', 'Descrition ...', '159.00', 'g', '102.00', 'mm', 'Quasi menacée (NT)', '5/10', 'Été', '649.00', 7),
(1119, 'Leste vert (Lestes viridis)', 'Descrition ...', '140.00', 'g', '140.00', 'mm', 'Données insuffisantes (DD)', '5/10', 'Toute les saisons', '295.00', 7),
(1120, 'Sympétrum strié (Sympetrum striolatum)', 'Descrition ...', '187.00', 'g', '270.00', 'mm', 'Quasi menacée (NT)', '5/10', 'Été', '834.00', 4),
(1121, 'Aeschne bleue (Aeshna cyanea)', 'Descrition ...', '217.00', 'g', '25.00', 'mm', 'Éteinte à l’état sauvage (EW)', '5/10', 'Été/Printemps', '195.00', 10),
(1122, 'Aeschne mixte (Aeshna mixta)', 'Descrition ...', '289.00', 'g', '175.00', 'mm', 'Éteinte (EX)', '5/10', 'Toute les saisons', '761.00', 1),
(1123, 'Grillon des torrents (Pteronemobius lineolatus)', 'Descrition ...', '54.00', 'g', '207.00', 'mm', 'danger critique (CR)', '5/10', 'Été/Automne', '34.00', 6),
(1124, 'Ischnure élégante (Ischnura elegans)', 'Descrition ...', '106.00', 'g', '7.00', 'mm', 'danger critique (CR)', '5/10', 'Toute les saisons', '407.00', 2),
(1125, 'Punaise verte du soja (Nezara viridula)', 'Descrition ...', '16.00', 'g', '209.00', 'mm', 'Préoccupation mineure (LC)', '5/10', 'Automne', '244.00', 7),
(1126, 'Orthétrum bleuissant (Orthetrum coerulescens)', 'Descrition ...', '213.00', 'g', '285.00', 'mm', 'Éteinte à l’état sauvage (EW)', '5/10', 'Printemps/Automne', '154.00', 15),
(1127, 'Larinioides cornutus/suspicax/folium', 'Descrition ...', '102.00', 'g', '15.00', 'mm', 'Données insuffisantes (DD)', '5/10', 'Été/Hiver', '217.00', 8),
(1128, 'Caloptéryx hémorroïdal (Calopteryx haemorrhoidalis)', 'Descrition ...', '315.00', 'g', '332.00', 'mm', 'Quasi menacée (NT)', '5/10', 'Automne/Hiver', '305.00', 2),
(1129, 'Sympétrum de Fonsolombe (Sympetrum fonscolombii)', 'Descrition ...', '178.00', 'g', '186.00', 'mm', 'Données insuffisantes (DD)', '5/10', 'Été/Printemps', '412.00', 2),
(1130, 'Argiope frelon (Argiope bruennichi)', 'Descrition ...', '152.00', 'g', '86.00', 'mm', 'En danger (EN)', '5/10', 'Été/Hiver', '229.00', 1),
(1131, 'Mante religieuse (Mantis religiosa)', 'Descrition ...', '307.00', 'g', '304.00', 'mm', 'Non évaluée (NE)', '5/10', 'Été', '530.00', 14),
(1132, 'Argiope frelon (Argiope bruennichi)', 'Descrition ...', '88.00', 'g', '74.00', 'mm', 'Non évaluée (NE)', '5/10', 'Printemps', '134.00', 4),
(1133, 'Mangore petite-bouteille (Mangora acalypha)', 'Descrition ...', '183.00', 'g', '183.00', 'mm', 'Non évaluée (NE)', '5/10', 'Été', '447.00', 8),
(1134, 'Anax empereur (Anax imperator)', 'Descrition ...', '243.00', 'g', '178.00', 'mm', 'Préoccupation mineure (LC)', '5/10', 'Printemps/Hiver', '208.00', 7),
(1135, 'Portecoupe holarctique (Enallagma cyathigerum)', 'Descrition ...', '75.00', 'g', '243.00', 'mm', 'Préoccupation mineure (LC)', '5/10', 'Été', '94.00', 12),
(1136, 'Pennipatte bleuâtre (Platycnemis pennipes)', 'Descrition ...', '90.00', 'g', '196.00', 'mm', 'Données insuffisantes (DD)', '5/10', 'Été/Automne', '730.00', 3),
(1137, 'Criquet pansu (Pezotettix giornae)', 'Descrition ...', '124.00', 'g', '121.00', 'mm', 'Vulnérable (VU)', '5/10', 'Été/Printemps', '832.00', 16),
(1138, 'Point-de-Hongrie (Erynnis tages)', 'Descrition ...', '91.00', 'g', '312.00', 'mm', 'Éteinte (EX)', '5/10', 'Été/Printemps', '26.00', 16),
(1139, 'Ischnure naine (Ischnura pumilio)', 'Descrition ...', '285.00', 'g', '45.00', 'mm', 'Vulnérable (VU)', '5/10', 'Printemps', '236.00', 6),
(1140, 'Carte géographique (Araschnia levana)', 'Descrition ...', '38.00', 'g', '265.00', 'mm', 'Non évaluée (NE)', '5/10', 'Automne/Hiver', '74.00', 1),
(1141, 'Tircis (Pararge aegeria)', 'Descrition ...', '201.00', 'g', '88.00', 'mm', 'En danger (EN)', '5/10', 'Automne/Hiver', '297.00', 9),
(1142, 'Stomorhina lunata', 'Descrition ...', '327.00', 'g', '164.00', 'mm', 'Données insuffisantes (DD)', '5/10', 'Hiver', '347.00', 9),
(1143, 'Mante religieuse (Mantis religiosa)', 'Descrition ...', '290.00', 'g', '191.00', 'mm', 'En danger (EN)', '5/10', 'Automne/Hiver', '1000.00', 6),
(1144, 'Caloptéryx hémorroïdal (Calopteryx haemorrhoidalis)', 'Descrition ...', '341.00', 'g', '18.00', 'mm', 'Vulnérable (VU)', '5/10', 'Printemps/Hiver', '606.00', 5),
(1145, 'Caloptéryx occitan (Calopteryx xanthostoma)', 'Descrition ...', '110.00', 'g', '98.00', 'mm', 'Données insuffisantes (DD)', '5/10', 'Toute les saisons', '689.00', 7),
(1146, 'Argiope frelon (Argiope bruennichi)', 'Descrition ...', '148.00', 'g', '2.00', 'mm', 'Éteinte à l’état sauvage (EW)', '5/10', 'Automne', '961.00', 7),
(1147, 'Ephippigère carénée (Uromenus rugosicollis)', 'Descrition ...', '84.00', 'g', '34.00', 'mm', 'danger critique (CR)', '5/10', 'Été/Printemps', '912.00', 15),
(1148, 'Grande sauterelle verte (Tettigonia viridissima)', 'Descrition ...', '218.00', 'g', '78.00', 'mm', 'danger critique (CR)', '5/10', 'Été/Automne', '641.00', 9),
(1149, 'Grillon des bois (Nemobius sylvestris)', 'Descrition ...', '48.00', 'g', '194.00', 'mm', 'danger critique (CR)', '5/10', 'Printemps/Hiver', '447.00', 2),
(1150, 'Orthétrum bleuissant (Orthetrum coerulescens)', 'Descrition ...', '65.00', 'g', '67.00', 'mm', 'En danger (EN)', '5/10', 'Été/Automne', '830.00', 15),
(1151, 'Doublure jaune (Euclidia glyphica)', 'Descrition ...', '126.00', 'g', '188.00', 'mm', 'danger critique (CR)', '5/10', 'Toute les saisons', '706.00', 16),
(1152, 'Tircis (Pararge aegeria)', 'Descrition ...', '279.00', 'g', '102.00', 'mm', 'Quasi menacée (NT)', '5/10', 'Toute les saisons', '139.00', 3),
(1153, 'Carte géographique (Araschnia levana)', 'Descrition ...', '171.00', 'g', '277.00', 'mm', 'Préoccupation mineure (LC)', '5/10', 'Printemps', '905.00', 16),
(1154, 'Argiope frelon (Argiope bruennichi)', 'Descrition ...', '324.00', 'g', '141.00', 'mm', 'Éteinte à l’état sauvage (EW)', '5/10', 'Printemps/Hiver', '95.00', 11),
(1155, 'Lucane cerf-volant (Lucanus cervus)', 'Descrition ...', '218.00', 'g', '347.00', 'mm', 'Non évaluée (NE)', '5/10', 'Été/Printemps', '364.00', 12),
(1156, 'Flambé (Iphiclides podalirius)', 'Descrition ...', '174.00', 'g', '26.00', 'mm', 'Éteinte (EX)', '5/10', 'Automne/Hiver', '634.00', 2),
(1157, 'Myrtil (Maniola jurtina)', 'Descrition ...', '95.00', 'g', '32.00', 'mm', 'En danger (EN)', '5/10', 'Toute les saisons', '674.00', 2),
(1158, 'Amaryllis (Pyronia tithonus)', 'Descrition ...', '81.00', 'g', '45.00', 'mm', 'danger critique (CR)', '5/10', 'Été/Printemps', '679.00', 5),
(1159, 'Pennipatte bleuâtre (Platycnemis pennipes)', 'Descrition ...', '186.00', 'g', '120.00', 'mm', 'Vulnérable (VU)', '5/10', 'Été/Automne', '377.00', 10),
(1160, 'Dectique à front blanc (Decticus albifrons)', 'Descrition ...', '198.00', 'g', '185.00', 'mm', 'Éteinte à l’état sauvage (EW)', '5/10', 'Été/Printemps', '487.00', 11),
(1161, 'Dectique à front blanc (Decticus albifrons)', 'Descrition ...', '322.00', 'g', '138.00', 'mm', 'Quasi menacée (NT)', '5/10', 'Été/Automne', '855.00', 16),
(1162, 'Grillon des bois (Nemobius sylvestris)', 'Descrition ...', '336.00', 'g', '124.00', 'mm', 'Éteinte à l’état sauvage (EW)', '5/10', 'Printemps/Hiver', '453.00', 15),
(1163, 'Dectique à front blanc (Decticus albifrons)', 'Descrition ...', '311.00', 'g', '236.00', 'mm', 'Non évaluée (NE)', '5/10', 'Été/Automne', '752.00', 6),
(1164, 'Cigale rouge (Tibicina hæmatodes)', 'Descrition ...', '120.00', 'g', '77.00', 'mm', 'Données insuffisantes (DD)', '5/10', 'Toute les saisons', '168.00', 7),
(1165, 'Scarabée rhinocéros européen (Oryctes nasicornis)', 'Descrition ...', '267.00', 'g', '291.00', 'mm', 'Éteinte (EX)', '5/10', 'Printemps/Automne', '748.00', 13),
(1166, 'Amaryllis (Pyronia tithonus)', 'Descrition ...', '37.00', 'g', '132.00', 'mm', 'En danger (EN)', '5/10', 'Printemps/Automne', '526.00', 3),
(1167, 'Phanéroptère commun (Phaneroptera falcata)/Phanéroptère méridional (Phaneroptera nana)', 'Descrition ...', '179.00', 'g', '301.00', 'mm', 'Vulnérable (VU)', '5/10', 'Printemps/Hiver', '906.00', 12),
(1168, 'Phalène picotée (Ematurga atomaria)', 'Descrition ...', '350.00', 'g', '39.00', 'mm', 'Quasi menacée (NT)', '5/10', 'Hiver', '193.00', 4),
(1169, 'Sténoptère roux (Stenopterus rufus)', 'Descrition ...', '256.00', 'g', '235.00', 'mm', 'Quasi menacée (NT)', '5/10', 'Automne', '250.00', 4),
(1170, 'Hoplie bleue (Hoplia coerulea)', 'Descrition ...', '155.00', 'g', '71.00', 'mm', 'Vulnérable (VU)', '5/10', 'Été/Printemps', '546.00', 8),
(1171, 'Rhinocoris iracundus/cuspidatus/rubricus', 'Descrition ...', '49.00', 'g', '56.00', 'mm', 'Éteinte (EX)', '5/10', 'Automne', '71.00', 9),
(1172, 'Oedémère noble (Oedemera nobilis)', 'Descrition ...', '144.00', 'g', '137.00', 'mm', 'Non évaluée (NE)', '5/10', 'Printemps', '830.00', 10),
(1173, 'Pennipatte bleuâtre (Platycnemis pennipes)', 'Descrition ...', '224.00', 'g', '120.00', 'mm', 'Vulnérable (VU)', '5/10', 'Printemps', '407.00', 3),
(1174, 'Orthétrum réticulé (Orthetrum cancellatum)', 'Descrition ...', '168.00', 'g', '151.00', 'mm', 'Quasi menacée (NT)', '5/10', 'Printemps', '167.00', 16),
(1175, 'Cylindromyia bicolor', 'Descrition ...', '260.00', 'g', '222.00', 'mm', 'Non évaluée (NE)', '5/10', 'Été/Automne', '22.00', 9),
(1176, 'Tircis (Pararge aegeria)', 'Descrition ...', '324.00', 'g', '265.00', 'mm', 'Vulnérable (VU)', '5/10', 'Été', '135.00', 9),
(1177, 'Pennipatte bleuâtre (Platycnemis pennipes)', 'Descrition ...', '193.00', 'g', '329.00', 'mm', 'danger critique (CR)', '5/10', 'Printemps/Automne', '965.00', 5),
(1178, 'Cionus tuberculosus', 'Descrition ...', '193.00', 'g', '51.00', 'mm', 'Préoccupation mineure (LC)', '5/10', 'Toute les saisons', '216.00', 10),
(1179, 'Yponomeuta malinellus/padella/cagnagella', 'Descrition ...', '165.00', 'g', '35.00', 'mm', 'Préoccupation mineure (LC)', '5/10', 'Été/Automne', '774.00', 9),
(1180, 'Crocothémis écarlate (Crocothemis erythraea)', 'Descrition ...', '170.00', 'g', '318.00', 'mm', 'Données insuffisantes (DD)', '5/10', 'Printemps/Automne', '507.00', 2),
(1181, 'Orthétrum réticulé (Orthetrum cancellatum)', 'Descrition ...', '343.00', 'g', '246.00', 'mm', 'Non évaluée (NE)', '5/10', 'Printemps/Automne', '372.00', 6),
(1182, 'Mégère (Lasiommata megera)', 'Descrition ...', '167.00', 'g', '90.00', 'mm', 'En danger (EN)', '5/10', 'Été/Hiver', '888.00', 9),
(1183, 'Sylvaine (Ochlodes sylvanus)', 'Descrition ...', '32.00', 'g', '169.00', 'mm', 'Éteinte (EX)', '5/10', 'Hiver', '430.00', 9),
(1184, 'Orthétrum à stylets blancs (Orthetrum albistylum)', 'Descrition ...', '53.00', 'g', '86.00', 'mm', 'Quasi menacée (NT)', '5/10', 'Été/Automne', '99.00', 6),
(1185, 'Anax empereur (Anax imperator)', 'Descrition ...', '127.00', 'g', '219.00', 'mm', 'Données insuffisantes (DD)', '5/10', 'Été/Printemps', '92.00', 1),
(1186, 'Petite tortue (Aglais urticae)', 'Descrition ...', '104.00', 'g', '201.00', 'mm', 'Données insuffisantes (DD)', '5/10', 'Automne', '705.00', 6),
(1187, 'Azuré commun (Polyommatus icarus)', 'Descrition ...', '132.00', 'g', '3.00', 'mm', 'Quasi menacée (NT)', '5/10', 'Été', '126.00', 10),
(1188, 'Caloptéryx hémorroïdal (Calopteryx haemorrhoidalis)', 'Descrition ...', '67.00', 'g', '263.00', 'mm', 'Quasi menacée (NT)', '5/10', 'Été/Automne', '90.00', 9),
(1189, 'Caloptéryx occitan (Calopteryx xanthostoma)', 'Descrition ...', '4.00', 'g', '349.00', 'mm', 'Données insuffisantes (DD)', '5/10', 'Printemps/Automne', '48.00', 7),
(1190, 'Hoplie bleue (Hoplia coeruela)', 'Descrition ...', '73.00', 'g', '30.00', 'mm', 'Éteinte (EX)', '5/10', 'Été/Hiver', '681.00', 2),
(1191, 'Lepture porte-cœur (Stictoleptura cordigera)', 'Descrition ...', '170.00', 'g', '210.00', 'mm', 'Quasi menacée (NT)', '5/10', 'Hiver', '365.00', 3),
(1192, 'Crocothémis écarlate (Crocothemis erythraea)', 'Descrition ...', '345.00', 'g', '57.00', 'mm', 'Éteinte (EX)', '5/10', 'Été', '680.00', 11),
(1193, 'Oedémère noble (Oedemera nobilis)', 'Descrition ...', '136.00', 'g', '216.00', 'mm', 'Éteinte à l’état sauvage (EW)', '5/10', 'Été/Automne', '540.00', 13),
(1194, 'Punaise des genêts (Piezodorus lituratus)', 'Descrition ...', '53.00', 'g', '163.00', 'mm', 'En danger (EN)', '5/10', 'Toute les saisons', '787.00', 1),
(1195, 'Machaon (Papilio machaon)', 'Descrition ...', '38.00', 'g', '20.00', 'mm', 'Données insuffisantes (DD)', '5/10', 'Toute les saisons', '477.00', 4),
(1196, 'Epeire fougère (Neoscona adianta)', 'Descrition ...', '192.00', 'g', '67.00', 'mm', 'danger critique (CR)', '5/10', 'Printemps', '726.00', 9),
(1197, 'Epeire des fissures (Nuctenea umbratica)', 'Descrition ...', '69.00', 'g', '198.00', 'mm', 'Non évaluée (NE)', '5/10', 'Toute les saisons', '991.00', 16),
(1198, 'Arlequinette jaune (Acontia (Emmelia) trabealis)', 'Descrition ...', '347.00', 'g', '327.00', 'mm', 'Vulnérable (VU)', '5/10', 'Automne/Hiver', '997.00', 14),
(1199, 'Passagère (Dysgonia algira)', 'Descrition ...', '343.00', 'g', '260.00', 'mm', 'Vulnérable (VU)', '5/10', 'Hiver', '189.00', 16),
(1200, 'Orthétrum à stylets blancs (Orthetrum albistylum)', 'Descrition ...', '70.00', 'g', '178.00', 'mm', 'Quasi menacée (NT)', '5/10', 'Hiver', '985.00', 11),
(1201, 'Caloptéryx occitan (Calopteryx xanthostoma)', 'Descrition ...', '58.00', 'g', '190.00', 'mm', 'Non évaluée (NE)', '5/10', 'Été/Automne', '183.00', 8),
(1202, 'Azuré commun (Polyommatus icarus)', 'Descrition ...', '304.00', 'g', '128.00', 'mm', 'Préoccupation mineure (LC)', '5/10', 'Été/Printemps', '221.00', 9),
(1203, 'Chaoborus crystallinus', 'Descrition ...', '323.00', 'g', '263.00', 'mm', 'Données insuffisantes (DD)', '5/10', 'Printemps/Hiver', '883.00', 10),
(1204, 'Adelphocoris vandalicus ', 'Descrition ...', '206.00', 'g', '136.00', 'mm', 'Éteinte à l’état sauvage (EW)', '5/10', 'Printemps', '992.00', 9),
(1205, 'Machaon (Papilio machaon)', 'Descrition ...', '337.00', 'g', '115.00', 'mm', 'Éteinte (EX)', '5/10', 'Été', '566.00', 15),
(1206, 'Hoplie bleue (Hoplia coeruela)', 'Descrition ...', '234.00', 'g', '9.00', 'mm', 'En danger (EN)', '5/10', 'Été/Printemps', '786.00', 9),
(1207, 'Orthétrum à stylets blancs (Orthetrum albistylum)', 'Descrition ...', '248.00', 'g', '117.00', 'mm', 'danger critique (CR)', '5/10', 'Printemps/Hiver', '577.00', 10),
(1208, 'Demi-deuil (Melanargia galathea)', 'Descrition ...', '294.00', 'g', '325.00', 'mm', 'danger critique (CR)', '5/10', 'Printemps/Hiver', '410.00', 4),
(1209, 'Orthétrum à stylets blancs (Orthetrum albistylum)', 'Descrition ...', '114.00', 'g', '313.00', 'mm', 'Éteinte à l’état sauvage (EW)', '5/10', 'Été/Printemps', '584.00', 10),
(1210, 'Orthétrum à stylets blancs (Orthetrum albistylum)', 'Descrition ...', '183.00', 'g', '107.00', 'mm', 'En danger (EN)', '5/10', 'Hiver', '573.00', 7),
(1211, 'Naïade au corps vert (Erythromma viridulum)', 'Descrition ...', '302.00', 'g', '221.00', 'mm', 'Éteinte à l’état sauvage (EW)', '5/10', 'Automne', '360.00', 3),
(1212, 'Naïade aux yeux bleus (Erythromma lindenii)', 'Descrition ...', '235.00', 'g', '175.00', 'mm', 'En danger (EN)', '5/10', 'Été/Hiver', '485.00', 11),
(1213, 'Orthétrum à stylets blancs (Orthetrum albistylum)', 'Descrition ...', '83.00', 'g', '252.00', 'mm', 'Non évaluée (NE)', '5/10', 'Hiver', '927.00', 1),
(1214, 'Hoplie bleue (Hoplia coeruela)', 'Descrition ...', '163.00', 'g', '180.00', 'mm', 'danger critique (CR)', '5/10', 'Toute les saisons', '42.00', 2),
(1215, 'Caloptéryx hémorroïdal (Calopteryx haemorrhoidalis)', 'Descrition ...', '241.00', 'g', '240.00', 'mm', 'Vulnérable (VU)', '5/10', 'Printemps/Automne', '201.00', 8),
(1216, 'Caloptéryx vierge (Calopteryx virgo)', 'Descrition ...', '14.00', 'g', '270.00', 'mm', 'Quasi menacée (NT)', '5/10', 'Automne/Hiver', '646.00', 6),
(1217, 'Robert-le-diable (Polygonia c-album)', 'Descrition ...', '336.00', 'g', '189.00', 'mm', 'Vulnérable (VU)', '5/10', 'Été/Automne', '858.00', 5),
(1218, 'Hoplie bleue (Hoplia coeruela)', 'Descrition ...', '100.00', 'g', '117.00', 'mm', 'En danger (EN)', '5/10', 'Été/Printemps', '180.00', 14),
(1219, 'Demi-deuil (Melanargia galathea)', 'Descrition ...', '255.00', 'g', '152.00', 'mm', 'Non évaluée (NE)', '5/10', 'Toute les saisons', '151.00', 3),
(1220, 'Tircis (Pararge aegeria)', 'Descrition ...', '83.00', 'g', '239.00', 'mm', 'Éteinte à l’état sauvage (EW)', '5/10', 'Printemps', '267.00', 12),
(1221, 'Yponomeuta malinellus/padella/cagnagella', 'Descrition ...', '263.00', 'g', '290.00', 'mm', 'En danger (EN)', '5/10', 'Printemps/Automne', '39.00', 11),
(1222, 'Orthétrum réticulé (Orthetrum cancellatum)', 'Descrition ...', '341.00', 'g', '286.00', 'mm', 'danger critique (CR)', '5/10', 'Été/Automne', '151.00', 2),
(1223, 'Sylvaine (Ochlodes sylvanus)', 'Descrition ...', '344.00', 'g', '91.00', 'mm', 'Éteinte (EX)', '5/10', 'Été/Automne', '548.00', 7),
(1224, 'Sphinx pygmée (Thyris fenestrella)', 'Descrition ...', '7.00', 'g', '63.00', 'mm', 'danger critique (CR)', '5/10', 'Printemps/Automne', '723.00', 2),
(1225, 'Demi-deuil (Melanargia galathea)', 'Descrition ...', '180.00', 'g', '72.00', 'mm', 'Non évaluée (NE)', '5/10', 'Été/Printemps', '694.00', 16),
(1226, 'Criquet noir ébène (Omocestus rufipes)', 'Descrition ...', '138.00', 'g', '335.00', 'mm', 'Vulnérable (VU)', '5/10', 'Été/Automne', '552.00', 5),
(1227, 'Criquet duettiste (Chorthippus brunneus)', 'Descrition ...', '153.00', 'g', '219.00', 'mm', 'En danger (EN)', '5/10', 'Été/Hiver', '520.00', 5),
(1228, 'Grillon des marais (Pteronemobius heydenii)', 'Descrition ...', '167.00', 'g', '91.00', 'mm', 'Quasi menacée (NT)', '5/10', 'Été/Printemps', '354.00', 2),
(1229, 'Grillon bordelais (Tartarogryllus bordigalensis)', 'Descrition ...', '317.00', 'g', '237.00', 'mm', 'Éteinte à l’état sauvage (EW)', '5/10', 'Hiver', '982.00', 5),
(1230, 'Grillon champêtre (Gryllus campestris)', 'Descrition ...', '108.00', 'g', '40.00', 'mm', 'Quasi menacée (NT)', '5/10', 'Été/Printemps', '859.00', 7),
(1231, 'Caloptéryx hémorroïdal (Calopteryx haemorrhoidalis)', 'Descrition ...', '4.00', 'g', '175.00', 'mm', 'Éteinte (EX)', '5/10', 'Été/Printemps', '855.00', 13),
(1232, 'Caloptéryx hémorroïdal (Calopteryx haemorrhoidalis)', 'Descrition ...', '139.00', 'g', '350.00', 'mm', 'Éteinte à l’état sauvage (EW)', '5/10', 'Automne/Hiver', '766.00', 16),
(1233, 'Caloptéryx vierge (Calopteryx virgo)', 'Descrition ...', '298.00', 'g', '34.00', 'mm', 'danger critique (CR)', '5/10', 'Automne', '213.00', 2),
(1234, 'Caloptéryx hémorroïdal (Calopteryx haemorrhoidalis)', 'Descrition ...', '200.00', 'g', '162.00', 'mm', 'Préoccupation mineure (LC)', '5/10', 'Automne', '692.00', 3),
(1235, 'Libellule déprimée (Libellula depressa)', 'Descrition ...', '68.00', 'g', '28.00', 'mm', 'Éteinte à l’état sauvage (EW)', '5/10', 'Été/Hiver', '47.00', 12),
(1236, 'Myrtil (Maniola jurtina)', 'Descrition ...', '155.00', 'g', '341.00', 'mm', 'Vulnérable (VU)', '5/10', 'Toute les saisons', '439.00', 11),
(1237, 'Pennipatte bleuâtre (Platycnemis pennipes)', 'Descrition ...', '90.00', 'g', '2.00', 'mm', 'Vulnérable (VU)', '5/10', 'Printemps/Automne', '205.00', 1),
(1238, 'Ischnure élégante (Ischnura elegans)', 'Descrition ...', '225.00', 'g', '92.00', 'mm', 'Vulnérable (VU)', '5/10', 'Printemps/Hiver', '540.00', 7),
(1239, 'Ischnure élégante (Ischnura elegans)', 'Descrition ...', '224.00', 'g', '28.00', 'mm', 'Quasi menacée (NT)', '5/10', 'Été/Hiver', '2.00', 14),
(1240, 'Téléphore fauve (Rhagonycha fulva)', 'Descrition ...', '133.00', 'g', '256.00', 'mm', 'Données insuffisantes (DD)', '5/10', 'Automne', '219.00', 6),
(1241, 'Grillon des marais (Pteronemobius heydenii)', 'Descrition ...', '148.00', 'g', '334.00', 'mm', 'En danger (EN)', '5/10', 'Automne/Hiver', '795.00', 13),
(1242, 'Grillon champêtre (Gryllus campestris)', 'Descrition ...', '121.00', 'g', '66.00', 'mm', 'Non évaluée (NE)', '5/10', 'Hiver', '733.00', 7),
(1243, 'Grillon des marais (Pteronemobius heydenii)', 'Descrition ...', '2.00', 'g', '177.00', 'mm', 'Non évaluée (NE)', '5/10', 'Automne', '859.00', 16),
(1244, 'Grillon des marais (Pteronemobius heydenii)', 'Descrition ...', '306.00', 'g', '165.00', 'mm', 'Éteinte (EX)', '5/10', 'Printemps', '85.00', 14),
(1245, 'Piéride du chou (Pieris brassicae)', 'Descrition ...', '251.00', 'g', '185.00', 'mm', 'Éteinte (EX)', '5/10', 'Automne/Hiver', '466.00', 7),
(1246, 'Caloptéryx hémorroïdal (Calopteryx haemorrhoidalis)', 'Descrition ...', '299.00', 'g', '125.00', 'mm', 'Vulnérable (VU)', '5/10', 'Printemps/Automne', '616.00', 7),
(1247, 'Mystacides azureus/nigra', 'Descrition ...', '15.00', 'g', '64.00', 'mm', 'Vulnérable (VU)', '5/10', 'Été/Hiver', '125.00', 3),
(1248, 'Phalène picotée (Ematurga atomaria)', 'Descrition ...', '40.00', 'g', '167.00', 'mm', 'Données insuffisantes (DD)', '5/10', 'Été/Automne', '12.00', 6),
(1249, 'Stéganie du peuplier (Stegania trimaculata)', 'Descrition ...', '122.00', 'g', '134.00', 'mm', 'danger critique (CR)', '5/10', 'Printemps/Automne', '946.00', 1),
(1250, 'Pyrale du plantain (Homoeosoma sinuella)', 'Descrition ...', '202.00', 'g', '50.00', 'mm', 'Éteinte à l’état sauvage (EW)', '5/10', 'Hiver', '70.00', 8),
(1251, 'Thomise pépin de raisin (Runcinia grammica)', 'Descrition ...', '167.00', 'g', '45.00', 'mm', 'Éteinte à l’état sauvage (EW)', '5/10', 'Printemps/Automne', '900.00', 6),
(1252, 'Crambus pascuella/uliginosellus', 'Descrition ...', '132.00', 'g', '292.00', 'mm', 'Quasi menacée (NT)', '5/10', 'Automne', '582.00', 3),
(1253, 'Clairon des ruches (Trichodes alvearius)', 'Descrition ...', '143.00', 'g', '52.00', 'mm', 'Données insuffisantes (DD)', '5/10', 'Printemps/Hiver', '564.00', 14),
(1254, 'Camptope des genêts (Camptopus lateralis)', 'Descrition ...', '259.00', 'g', '30.00', 'mm', 'En danger (EN)', '5/10', 'Printemps/Automne', '331.00', 7),
(1255, 'Empuse commune (Empusa pennata)', 'Descrition ...', '194.00', 'g', '270.00', 'mm', 'Non évaluée (NE)', '5/10', 'Hiver', '119.00', 13),
(1256, 'Cicadelle verte (Cicadella viridis)', 'Descrition ...', '88.00', 'g', '1.00', 'mm', 'Éteinte (EX)', '5/10', 'Printemps/Automne', '507.00', 1),
(1257, 'Bordure ensanglantée (Diacrisia sannio)', 'Descrition ...', '55.00', 'g', '195.00', 'mm', 'Éteinte (EX)', '5/10', 'Automne/Hiver', '842.00', 7),
(1258, 'Camptope des genêts (Camptopus lateralis)', 'Descrition ...', '331.00', 'g', '14.00', 'mm', 'En danger (EN)', '5/10', 'Automne', '152.00', 14),
(1259, 'Sésie de l’oseille (Pyropteron chrysidiformis)', 'Descrition ...', '268.00', 'g', '216.00', 'mm', 'Éteinte (EX)', '5/10', 'Printemps/Hiver', '150.00', 12),
(1260, 'Thomise pépin de raisin (Runcinia grammica)', 'Descrition ...', '140.00', 'g', '158.00', 'mm', 'Éteinte à l’état sauvage (EW)', '5/10', 'Printemps/Automne', '429.00', 1),
(1261, 'Oedémère noble (Oedemera nobilis)', 'Descrition ...', '36.00', 'g', '281.00', 'mm', 'Éteinte à l’état sauvage (EW)', '5/10', 'Automne/Hiver', '295.00', 4),
(1262, 'Agrion de Mercure (Coenagrion mercuriale)', 'Descrition ...', '225.00', 'g', '105.00', 'mm', 'Éteinte à l’état sauvage (EW)', '5/10', 'Été/Hiver', '628.00', 15),
(1263, 'Empuse commune (Empusa pennata)', 'Descrition ...', '119.00', 'g', '209.00', 'mm', 'En danger (EN)', '5/10', 'Printemps', '375.00', 14),
(1264, 'Yponomeuta malinellus/padella/cagnagella', 'Descrition ...', '307.00', 'g', '64.00', 'mm', 'danger critique (CR)', '5/10', 'Été', '836.00', 3),
(1265, 'Doublure jaune (Euclidia glyphica)', 'Descrition ...', '215.00', 'g', '257.00', 'mm', 'Non évaluée (NE)', '5/10', 'Été/Hiver', '214.00', 13),
(1266, 'Noctuelle en deuil (Tyta luctuosa)', 'Descrition ...', '254.00', 'g', '37.00', 'mm', 'Éteinte (EX)', '5/10', 'Printemps/Hiver', '408.00', 9),
(1267, 'Agrion jouvencelle (Coenagrion puella)', 'Descrition ...', '301.00', 'g', '303.00', 'mm', 'Préoccupation mineure (LC)', '5/10', 'Été', '969.00', 14),
(1268, 'Selandria serva', 'Descrition ...', '69.00', 'g', '324.00', 'mm', 'Vulnérable (VU)', '5/10', 'Printemps/Hiver', '517.00', 10),
(1269, 'Anthomyie pluviale (Anthomyia pluvialis)', 'Descrition ...', '29.00', 'g', '249.00', 'mm', 'danger critique (CR)', '5/10', 'Automne/Hiver', '837.00', 8),
(1270, 'Orthétrum réticulé (Orthetrum cancellatum)', 'Descrition ...', '330.00', 'g', '166.00', 'mm', 'Non évaluée (NE)', '5/10', 'Printemps', '126.00', 6),
(1271, 'Punaise arlequin (Graphosoma italicum)', 'Descrition ...', '15.00', 'g', '282.00', 'mm', 'En danger (EN)', '5/10', 'Automne', '995.00', 8),
(1272, 'Orthétrum à stylets blancs (Orthetrum albistylum)', 'Descrition ...', '281.00', 'g', '87.00', 'mm', 'Vulnérable (VU)', '5/10', 'Printemps', '590.00', 3),
(1273, 'Orthétrum réticulé (Orthetrum cancellatum)', 'Descrition ...', '305.00', 'g', '300.00', 'mm', 'Données insuffisantes (DD)', '5/10', 'Été/Hiver', '773.00', 3),
(1274, 'Orthétrum brun (Orthetrum brunneum)', 'Descrition ...', '152.00', 'g', '233.00', 'mm', 'danger critique (CR)', '5/10', 'Été/Printemps', '213.00', 1),
(1275, 'Thomise enflée (Thomisus onustus)', 'Descrition ...', '4.00', 'g', '342.00', 'mm', 'Éteinte à l’état sauvage (EW)', '5/10', 'Printemps', '613.00', 3),
(1276, 'Cryptocéphale à 2 points (Cryptocephalus bipunctatus)', 'Descrition ...', '339.00', 'g', '138.00', 'mm', 'Vulnérable (VU)', '5/10', 'Automne/Hiver', '145.00', 9),
(1277, 'Cétoine doré (Cetonia aurata)', 'Descrition ...', '187.00', 'g', '162.00', 'mm', 'Non évaluée (NE)', '5/10', 'Été', '331.00', 12),
(1278, 'Tircis (Pararge aegeria)', 'Descrition ...', '172.00', 'g', '322.00', 'mm', 'danger critique (CR)', '5/10', 'Printemps', '938.00', 4),
(1279, 'Zygène de la filipendule (Zygaena filipendulae)', 'Descrition ...', '279.00', 'g', '45.00', 'mm', 'Éteinte (EX)', '5/10', 'Automne', '648.00', 2),
(1280, 'Centrotus cornutus/chloroticus', 'Descrition ...', '90.00', 'g', '54.00', 'mm', 'En danger (EN)', '5/10', 'Hiver', '715.00', 1),
(1281, 'Agrion de Mercure (Coenagrion mercuriale)', 'Descrition ...', '247.00', 'g', '226.00', 'mm', 'Non évaluée (NE)', '5/10', 'Automne', '777.00', 2),
(1282, 'Calameuta pygmaea', 'Descrition ...', '116.00', 'g', '194.00', 'mm', 'Non évaluée (NE)', '5/10', 'Été/Hiver', '466.00', 15),
(1283, 'Zophomyie ivre (Zophomyia temula)', 'Descrition ...', '327.00', 'g', '246.00', 'mm', 'Vulnérable (VU)', '5/10', 'Été/Hiver', '135.00', 1),
(1284, 'Oecophore nervurée (Alabonia geoffrella)', 'Descrition ...', '212.00', 'g', '256.00', 'mm', 'Préoccupation mineure (LC)', '5/10', 'Été/Printemps', '211.00', 2),
(1285, 'Thomise globuleuse (Synema globosum)', 'Descrition ...', '188.00', 'g', '98.00', 'mm', 'Données insuffisantes (DD)', '5/10', 'Printemps/Automne', '366.00', 14),
(1286, 'Corée marginée (Coreus marginatus)', 'Descrition ...', '67.00', 'g', '98.00', 'mm', 'danger critique (CR)', '5/10', 'Été/Automne', '131.00', 1),
(1287, 'Lepture porte-cœur (Stictoleptura cordigera)', 'Descrition ...', '47.00', 'g', '205.00', 'mm', 'Non évaluée (NE)', '5/10', 'Printemps/Hiver', '160.00', 3),
(1288, 'Thècle de la ronce (Callophrys rubi)', 'Descrition ...', '337.00', 'g', '43.00', 'mm', 'Éteinte (EX)', '5/10', 'Toute les saisons', '655.00', 8),
(1289, 'Cardinal à tête rouge (Pyrochroa serraticornis)', 'Descrition ...', '307.00', 'g', '81.00', 'mm', 'En danger (EN)', '5/10', 'Printemps/Automne', '879.00', 7),
(1290, 'Micrommata ligurina', 'Descrition ...', '118.00', 'g', '85.00', 'mm', 'En danger (EN)', '5/10', 'Été/Automne', '502.00', 13),
(1291, 'Euxanthie du chardon (Agapeta hamana)', 'Descrition ...', '249.00', 'g', '68.00', 'mm', 'Éteinte (EX)', '5/10', 'Printemps/Automne', '253.00', 14),
(1292, 'Anax empereur (Anax imperator)', 'Descrition ...', '324.00', 'g', '120.00', 'mm', 'Quasi menacée (NT)', '5/10', 'Printemps/Automne', '849.00', 12),
(1293, 'Lepture rouge (Stictoleptura rubra)', 'Descrition ...', '233.00', 'g', '70.00', 'mm', 'Données insuffisantes (DD)', '5/10', 'Hiver', '669.00', 7),
(1294, 'Soyeuse (Rivula sericealis)', 'Descrition ...', '272.00', 'g', '249.00', 'mm', 'En danger (EN)', '5/10', 'Été', '348.00', 14),
(1295, 'Pennipatte bleuâtre (Platycnemis pennipes)', 'Descrition ...', '255.00', 'g', '285.00', 'mm', 'Quasi menacée (NT)', '5/10', 'Été/Automne', '457.00', 12),
(1296, 'Libellule déprimée (Libellula depressa)', 'Descrition ...', '127.00', 'g', '26.00', 'mm', 'Données insuffisantes (DD)', '5/10', 'Toute les saisons', '711.00', 2),
(1297, 'Crambus pascuella/uliginosellus', 'Descrition ...', '319.00', 'g', '47.00', 'mm', 'danger critique (CR)', '5/10', 'Printemps/Hiver', '74.00', 7),
(1298, 'Doublure jaune (Euclidia glyphica)', 'Descrition ...', '165.00', 'g', '205.00', 'mm', 'Données insuffisantes (DD)', '5/10', 'Hiver', '585.00', 5),
(1299, 'Cyclosa oculata', 'Descrition ...', '195.00', 'g', '268.00', 'mm', 'danger critique (CR)', '5/10', 'Toute les saisons', '965.00', 4),
(1300, 'Micrommata ligurina', 'Descrition ...', '151.00', 'g', '20.00', 'mm', 'Données insuffisantes (DD)', '5/10', 'Été', '569.00', 5),
(1301, 'Mangore petite-bouteille (Mangora acalypha)', 'Descrition ...', '231.00', 'g', '347.00', 'mm', 'Données insuffisantes (DD)', '5/10', 'Printemps/Hiver', '274.00', 1),
(1302, 'Heriaeus cf hirtus', 'Descrition ...', '227.00', 'g', '15.00', 'mm', 'Quasi menacée (NT)', '5/10', 'Automne/Hiver', '712.00', 13),
(1303, 'Evarcha arcuata', 'Descrition ...', '208.00', 'g', '62.00', 'mm', 'Données insuffisantes (DD)', '5/10', 'Printemps/Automne', '89.00', 10),
(1304, 'Centrotus cornutus/chloroticus', 'Descrition ...', '211.00', 'g', '290.00', 'mm', 'danger critique (CR)', '5/10', 'Été/Automne', '737.00', 10),
(1305, 'Epeire des fissures (Nuctenea umbratica)', 'Descrition ...', '132.00', 'g', '237.00', 'mm', 'Éteinte à l’état sauvage (EW)', '5/10', 'Automne/Hiver', '523.00', 10),
(1306, 'Punaise des genêts (Piezodorus lituratus)', 'Descrition ...', '151.00', 'g', '125.00', 'mm', 'Quasi menacée (NT)', '5/10', 'Automne', '424.00', 12),
(1307, 'Heriaeus cf hirtus', 'Descrition ...', '257.00', 'g', '216.00', 'mm', 'Préoccupation mineure (LC)', '5/10', 'Hiver', '492.00', 7),
(1308, 'Ascalaphe soufré (Libelloides coccajus)', 'Descrition ...', '273.00', 'g', '25.00', 'mm', 'Non évaluée (NE)', '5/10', 'Toute les saisons', '723.00', 5),
(1309, 'Rhagio tringarius', 'Descrition ...', '70.00', 'g', '17.00', 'mm', 'Éteinte à l’état sauvage (EW)', '5/10', 'Été', '909.00', 14),
(1310, 'Noctuelle purpurine (Eublemma purpurina)', 'Descrition ...', '212.00', 'g', '238.00', 'mm', 'danger critique (CR)', '5/10', 'Hiver', '224.00', 13),
(1311, 'Aethes tesserana', 'Descrition ...', '301.00', 'g', '157.00', 'mm', 'Données insuffisantes (DD)', '5/10', 'Été/Hiver', '611.00', 15),
(1312, 'Cyclosa oculata', 'Descrition ...', '122.00', 'g', '183.00', 'mm', 'Préoccupation mineure (LC)', '5/10', 'Printemps/Hiver', '436.00', 5),
(1313, 'Evarcha arcuata', 'Descrition ...', '4.00', 'g', '242.00', 'mm', 'Quasi menacée (NT)', '5/10', 'Automne/Hiver', '941.00', 8),
(1314, 'Epeire de velours (Agalenatea redii)', 'Descrition ...', '120.00', 'g', '123.00', 'mm', 'Préoccupation mineure (LC)', '5/10', 'Hiver', '982.00', 6),
(1315, 'Orthétrum à stylets blancs (Orthetrum albistylum)', 'Descrition ...', '317.00', 'g', '125.00', 'mm', 'Quasi menacée (NT)', '5/10', 'Été/Printemps', '157.00', 16),
(1316, 'Libellule fauve (Libellula fulva)', 'Descrition ...', '318.00', 'g', '258.00', 'mm', 'danger critique (CR)', '5/10', 'Printemps/Automne', '139.00', 1),
(1317, 'Frelon européen (Vespa crabro)', 'Descrition ...', '56.00', 'g', '332.00', 'mm', 'En danger (EN)', '5/10', 'Hiver', '259.00', 9),
(1318, 'Azuré commun (Polyommatus icarus)', 'Descrition ...', '298.00', 'g', '59.00', 'mm', 'Données insuffisantes (DD)', '5/10', 'Automne/Hiver', '868.00', 1),
(1319, 'Phalène picotée (Ematurga atomaria)', 'Descrition ...', '272.00', 'g', '57.00', 'mm', 'Non évaluée (NE)', '5/10', 'Printemps/Hiver', '300.00', 6),
(1320, 'Naïade aux yeux bleus (Erythromma lindenii) ', 'Descrition ...', '96.00', 'g', '164.00', 'mm', 'danger critique (CR)', '5/10', 'Été/Hiver', '877.00', 10),
(1321, 'Leste brun (Sympecma fusca)', 'Descrition ...', '50.00', 'g', '340.00', 'mm', 'Non évaluée (NE)', '5/10', 'Printemps/Hiver', '51.00', 11),
(1322, 'Saltique orangée (Carrhotus xanthogramma)', 'Descrition ...', '51.00', 'g', '261.00', 'mm', 'Préoccupation mineure (LC)', '5/10', 'Été/Printemps', '980.00', 6),
(1323, 'Cuivré fuligineux (Lycaena tityrus)', 'Descrition ...', '186.00', 'g', '1.00', 'mm', 'Non évaluée (NE)', '5/10', 'Été', '963.00', 4),
(1324, 'Procris (Coenonympha pamphilus)', 'Descrition ...', '100.00', 'g', '255.00', 'mm', 'Préoccupation mineure (LC)', '5/10', 'Hiver', '441.00', 6),
(1325, 'Azuré commun (Polyommatus icarus)', 'Descrition ...', '112.00', 'g', '288.00', 'mm', 'Éteinte à l’état sauvage (EW)', '5/10', 'Été', '156.00', 5),
(1326, 'Mélitée des centaurées (Melitaea phoebe)', 'Descrition ...', '168.00', 'g', '170.00', 'mm', 'Éteinte à l’état sauvage (EW)', '5/10', 'Été', '197.00', 2),
(1327, 'Libellule déprimée (Libellula depressa)', 'Descrition ...', '347.00', 'g', '128.00', 'mm', 'Éteinte (EX)', '5/10', 'Hiver', '943.00', 5),
(1328, 'Azuré de la faucille (Cupido alcetas)', 'Descrition ...', '231.00', 'g', '23.00', 'mm', 'Éteinte (EX)', '5/10', 'Été/Printemps', '623.00', 10),
(1329, 'Oxyopes lineatus', 'Descrition ...', '100.00', 'g', '177.00', 'mm', 'Vulnérable (VU)', '5/10', 'Été', '692.00', 5),
(1330, 'Pisaure admirable (Pisaura mirabilis)', 'Descrition ...', '217.00', 'g', '12.00', 'mm', 'Éteinte (EX)', '5/10', 'Été/Printemps', '57.00', 6),
(1331, 'Evarcha arcuata', 'Descrition ...', '14.00', 'g', '154.00', 'mm', 'Données insuffisantes (DD)', '5/10', 'Été/Automne', '353.00', 9),
(1332, 'Saltique de Sloane (Philaeus chrysops)', 'Descrition ...', '336.00', 'g', '219.00', 'mm', 'Données insuffisantes (DD)', '5/10', 'Toute les saisons', '117.00', 8),
(1333, 'Micrelytra fossularum', 'Descrition ...', '175.00', 'g', '167.00', 'mm', 'Non évaluée (NE)', '5/10', 'Été', '102.00', 4),
(1334, 'Collier de corail (Aricia agestis)', 'Descrition ...', '344.00', 'g', '151.00', 'mm', 'danger critique (CR)', '5/10', 'Automne', '673.00', 16),
(1335, 'Libellule déprimée (Libellula depressa)', 'Descrition ...', '163.00', 'g', '235.00', 'mm', 'Quasi menacée (NT)', '5/10', 'Printemps/Automne', '983.00', 6),
(1336, 'Azuré commun (Polyommatus icarus)', 'Descrition ...', '75.00', 'g', '274.00', 'mm', 'En danger (EN)', '5/10', 'Été', '466.00', 14),
(1337, ' Aurore (Anthocharis cardamines)', 'Descrition ...', '53.00', 'g', '198.00', 'mm', 'Données insuffisantes (DD)', '5/10', 'Été/Hiver', '234.00', 2),
(1338, 'Flambé (Iphiclides podalirius)', 'Descrition ...', '339.00', 'g', '152.00', 'mm', 'danger critique (CR)', '5/10', 'Printemps/Hiver', '892.00', 5),
(1339, 'Thomise globuleuse (Synema globosum)', 'Descrition ...', '277.00', 'g', '64.00', 'mm', 'Éteinte (EX)', '5/10', 'Automne', '526.00', 4),
(1340, 'Flambé (Iphiclides podalirius)', 'Descrition ...', '275.00', 'g', '75.00', 'mm', 'danger critique (CR)', '5/10', 'Été/Hiver', '767.00', 12),
(1341, 'Cuivré fuligineux (Lycaena tityrus)', 'Descrition ...', '280.00', 'g', '155.00', 'mm', 'Éteinte à l’état sauvage (EW)', '5/10', 'Automne/Hiver', '830.00', 15),
(1342, 'Doublure jaune (Euclidia glyphica)', 'Descrition ...', '315.00', 'g', '40.00', 'mm', 'danger critique (CR)', '5/10', 'Printemps/Automne', '468.00', 4),
(1343, 'Mélitée des centaurées (Melitaea phoebe)', 'Descrition ...', '315.00', 'g', '59.00', 'mm', 'Quasi menacée (NT)', '5/10', 'Toute les saisons', '885.00', 8),
(1344, 'Cuivré commun (Lycaena phlaeas)', 'Descrition ...', '10.00', 'g', '15.00', 'mm', 'Quasi menacée (NT)', '5/10', 'Été', '347.00', 13),
(1345, 'Procris (Coenonympha pamphilus)', 'Descrition ...', '235.00', 'g', '25.00', 'mm', 'Vulnérable (VU)', '5/10', 'Printemps/Hiver', '728.00', 11),
(1346, 'Cercope sanguin (Cercopis vulnerata)', 'Descrition ...', '202.00', 'g', '85.00', 'mm', 'danger critique (CR)', '5/10', 'Toute les saisons', '942.00', 11),
(1347, 'Orthétrum réticulé (Orthetrum cancellatum)', 'Descrition ...', '189.00', 'g', '191.00', 'mm', 'Non évaluée (NE)', '5/10', 'Automne', '869.00', 16),
(1348, 'Lepture porte-cœur (Stictoleptura cordigera)', 'Descrition ...', '176.00', 'g', '8.00', 'mm', 'Données insuffisantes (DD)', '5/10', 'Hiver', '905.00', 16),
(1349, 'Leste brun (Sympecma fusca)', 'Descrition ...', '231.00', 'g', '227.00', 'mm', 'Vulnérable (VU)', '5/10', 'Été/Automne', '599.00', 14),
(1350, 'Carte géographique (Araschnia levana)', 'Descrition ...', '251.00', 'g', '259.00', 'mm', 'Quasi menacée (NT)', '5/10', 'Automne', '157.00', 9),
(1351, 'Timandre aimée (Timandra comae)', 'Descrition ...', '23.00', 'g', '10.00', 'mm', 'Préoccupation mineure (LC)', '5/10', 'Été/Automne', '604.00', 8),
(1352, 'Phasme gaulois (Clonopsis gallica)', 'Descrition ...', '5.00', 'g', '175.00', 'mm', 'Données insuffisantes (DD)', '5/10', 'Toute les saisons', '986.00', 14),
(1353, 'Casside verte (Cassida viridis)', 'Descrition ...', '291.00', 'g', '197.00', 'mm', 'Quasi menacée (NT)', '5/10', 'Été/Hiver', '479.00', 6),
(1354, 'Evarcha arcuata', 'Descrition ...', '169.00', 'g', '316.00', 'mm', 'Quasi menacée (NT)', '5/10', 'Toute les saisons', '566.00', 6),
(1355, 'Heriaeus cf hirtus', 'Descrition ...', '168.00', 'g', '145.00', 'mm', 'Données insuffisantes (DD)', '5/10', 'Automne', '728.00', 15),
(1356, 'Nymphe au corps de feu (Pyrrhosoma nymphula)', 'Descrition ...', '322.00', 'g', '346.00', 'mm', 'Éteinte (EX)', '5/10', 'Printemps', '836.00', 2),
(1357, 'Epeire de velours (Agalenatea redii)', 'Descrition ...', '277.00', 'g', '126.00', 'mm', 'Non évaluée (NE)', '5/10', 'Toute les saisons', '624.00', 10),
(1358, 'Hélophile suspendu (Helophilus pendulus)', 'Descrition ...', '206.00', 'g', '138.00', 'mm', 'Éteinte (EX)', '5/10', 'Printemps', '892.00', 14),
(1359, 'Pisaure admirable (Pisaura mirabilis)', 'Descrition ...', '88.00', 'g', '170.00', 'mm', 'Quasi menacée (NT)', '5/10', 'Toute les saisons', '139.00', 9),
(1360, 'Empis marqueté (Empis tessellata)', 'Descrition ...', '113.00', 'g', '83.00', 'mm', 'danger critique (CR)', '5/10', 'Printemps/Hiver', '743.00', 10),
(1361, 'Coccinelle à 24 points (Subcoccinella 24 punctata)', 'Descrition ...', '154.00', 'g', '264.00', 'mm', 'Vulnérable (VU)', '5/10', 'Été', '807.00', 1),
(1362, 'Cyclosa oculata', 'Descrition ...', '110.00', 'g', '133.00', 'mm', 'Préoccupation mineure (LC)', '5/10', 'Été', '583.00', 6),
(1363, 'Criocère de l’asperge (Crioceris asparagi)', 'Descrition ...', '45.00', 'g', '65.00', 'mm', 'Non évaluée (NE)', '5/10', 'Été/Hiver', '801.00', 9),
(1364, 'Mangore petite-bouteille (Mangora acalypha)', 'Descrition ...', '147.00', 'g', '61.00', 'mm', 'Vulnérable (VU)', '5/10', 'Automne/Hiver', '932.00', 14),
(1365, 'Heliophanus cupreus', 'Descrition ...', '137.00', 'g', '291.00', 'mm', 'En danger (EN)', '5/10', 'Printemps/Automne', '220.00', 16),
(1366, 'Araniella opistopgrapha', 'Descrition ...', '207.00', 'g', '70.00', 'mm', 'Vulnérable (VU)', '5/10', 'Été/Printemps', '952.00', 14),
(1367, 'Piéride de la moutarde (Leptidea sinapis)', 'Descrition ...', '160.00', 'g', '284.00', 'mm', 'Non évaluée (NE)', '5/10', 'Été', '92.00', 8),
(1368, 'Grande sauterelle verte (Tettigonia viridissima)', 'Descrition ...', '94.00', 'g', '210.00', 'mm', 'Éteinte à l’état sauvage (EW)', '5/10', 'Automne/Hiver', '943.00', 4),
(1369, 'Téléphore moine (Cantharis rustica)', 'Descrition ...', '344.00', 'g', '160.00', 'mm', 'danger critique (CR)', '5/10', 'Été/Hiver', '832.00', 7),
(1370, 'Cardinal à tête rouge (Pyrochroa serraticornis)', 'Descrition ...', '91.00', 'g', '179.00', 'mm', 'danger critique (CR)', '5/10', 'Été/Automne', '817.00', 1),
(1371, 'Ischnure élégante (Ischnura elegans)', 'Descrition ...', '225.00', 'g', '215.00', 'mm', 'Préoccupation mineure (LC)', '5/10', 'Été/Printemps', '371.00', 7),
(1372, 'Punaise des blés (Aelia acuminata)', 'Descrition ...', '202.00', 'g', '181.00', 'mm', 'Éteinte à l’état sauvage (EW)', '5/10', 'Été/Printemps', '741.00', 4);
INSERT INTO `T_Insecte` (`IdInsecte`, `Nom`, `Description`, `Poids`, `UniteMasse`, `Taille`, `UniteTaille`, `Menace`, `Dangereusite`, `Saison`, `longevite`, `IdTypeInsecte`) VALUES
(1373, 'Suillia variegata', 'Descrition ...', '347.00', 'g', '278.00', 'mm', 'En danger (EN)', '5/10', 'Été', '22.00', 16),
(1374, 'Thècle de la ronce (Callophrys rubi)', 'Descrition ...', '291.00', 'g', '85.00', 'mm', 'Préoccupation mineure (LC)', '5/10', 'Été/Printemps', '994.00', 11),
(1375, 'Cétoine grise (Oxythyrea funesta)', 'Descrition ...', '314.00', 'g', '12.00', 'mm', 'Non évaluée (NE)', '5/10', 'Été', '937.00', 13),
(1376, 'Ascalaphe soufré (Libelloides coccajus)', 'Descrition ...', '78.00', 'g', '271.00', 'mm', 'Données insuffisantes (DD)', '5/10', 'Printemps', '587.00', 9),
(1377, 'Carte géographique (Araschnia levant)', 'Descrition ...', '217.00', 'g', '174.00', 'mm', 'Données insuffisantes (DD)', '5/10', 'Printemps/Hiver', '725.00', 7),
(1378, 'Aurore (Anthocharis cardamines)', 'Descrition ...', '53.00', 'g', '259.00', 'mm', 'Quasi menacée (NT)', '5/10', 'Été/Printemps', '184.00', 2),
(1379, 'Procris (Coenonympha pamphilus)', 'Descrition ...', '52.00', 'g', '74.00', 'mm', 'Vulnérable (VU)', '5/10', 'Printemps/Hiver', '689.00', 2),
(1380, 'Pisaure admirable (Pisaura mirabilis)', 'Descrition ...', '58.00', 'g', '72.00', 'mm', 'Quasi menacée (NT)', '5/10', 'Été/Hiver', '412.00', 16),
(1381, 'Leste brun (Sympecma fusca)', 'Descrition ...', '338.00', 'g', '73.00', 'mm', 'danger critique (CR)', '5/10', 'Été/Printemps', '633.00', 16),
(1382, 'Saltique orangée (Carrhotus xanthogramma)', 'Descrition ...', '308.00', 'g', '306.00', 'mm', 'Quasi menacée (NT)', '5/10', 'Printemps', '687.00', 6),
(1383, 'Téléphore moine (Cantharis rustica)', 'Descrition ...', '67.00', 'g', '54.00', 'mm', 'Vulnérable (VU)', '5/10', 'Été/Printemps', '176.00', 3),
(1384, 'Thomise enflée (Thomisus onustus)', 'Descrition ...', '94.00', 'g', '138.00', 'mm', 'Éteinte à l’état sauvage (EW)', '5/10', 'Été', '440.00', 7),
(1385, 'Punaise des baies (Dolycoris baccarum)', 'Descrition ...', '18.00', 'g', '105.00', 'mm', 'Données insuffisantes (DD)', '5/10', 'Été/Automne', '35.00', 8),
(1386, 'Rhopalus subrufus', 'Descrition ...', '335.00', 'g', '185.00', 'mm', 'Données insuffisantes (DD)', '5/10', 'Hiver', '718.00', 5),
(1387, 'Micrommata ligurina', 'Descrition ...', '159.00', 'g', '230.00', 'mm', 'danger critique (CR)', '5/10', 'Printemps/Automne', '550.00', 8),
(1388, 'Nymphe au corps de feu (Pyrrhosoma nymphula)', 'Descrition ...', '350.00', 'g', '333.00', 'mm', 'Éteinte (EX)', '5/10', 'Été', '217.00', 5),
(1389, 'Punaise des blés (Aelia acuminata)', 'Descrition ...', '144.00', 'g', '152.00', 'mm', 'Éteinte (EX)', '5/10', 'Été/Automne', '670.00', 3),
(1390, 'Micrelytra fossularum', 'Descrition ...', '261.00', 'g', '160.00', 'mm', 'Éteinte à l’état sauvage (EW)', '5/10', 'Printemps/Hiver', '882.00', 10),
(1391, 'Téléphore moine (Cantharis rustica)', 'Descrition ...', '281.00', 'g', '300.00', 'mm', 'Données insuffisantes (DD)', '5/10', 'Automne', '134.00', 6),
(1392, 'Pisaure admirable (Pisaura mirabilis)', 'Descrition ...', '92.00', 'g', '151.00', 'mm', 'Préoccupation mineure (LC)', '5/10', 'Été', '62.00', 7),
(1393, 'Pyrale des buissons (Pyrausta despicata)', 'Descrition ...', '315.00', 'g', '283.00', 'mm', 'En danger (EN)', '5/10', 'Printemps', '899.00', 10),
(1394, 'Punaise nébuleuse (Rhaphigaster nebulosa)', 'Descrition ...', '261.00', 'g', '321.00', 'mm', 'Quasi menacée (NT)', '5/10', 'Hiver', '501.00', 2),
(1395, 'Carte géographique (Araschnia levana)', 'Descrition ...', '193.00', 'g', '62.00', 'mm', 'En danger (EN)', '5/10', 'Été', '874.00', 3),
(1396, 'Saltique orangée (Carrhotus xanthogramma)', 'Descrition ...', '335.00', 'g', '139.00', 'mm', 'En danger (EN)', '5/10', 'Automne', '770.00', 1),
(1397, 'Punaise des baies (Dolycoris baccarum)', 'Descrition ...', '274.00', 'g', '93.00', 'mm', 'Vulnérable (VU)', '5/10', 'Printemps/Hiver', '236.00', 10),
(1398, 'Rhyparochromus vulgaris', 'Descrition ...', '52.00', 'g', '339.00', 'mm', 'Données insuffisantes (DD)', '5/10', 'Toute les saisons', '767.00', 9),
(1399, 'Coccinelle à damier (Propylea quatuordecimpunctata)', 'Descrition ...', '74.00', 'g', '323.00', 'mm', 'Préoccupation mineure (LC)', '5/10', 'Été/Printemps', '966.00', 11),
(1400, 'Punaise verte (Palomena prasina)', 'Descrition ...', '133.00', 'g', '309.00', 'mm', 'Vulnérable (VU)', '5/10', 'Printemps/Hiver', '210.00', 6),
(1401, 'Corée marginée (Coreus marginatus)', 'Descrition ...', '261.00', 'g', '70.00', 'mm', 'Quasi menacée (NT)', '5/10', 'Printemps/Hiver', '424.00', 9),
(1402, 'Evarcha arcuata', 'Descrition ...', '205.00', 'g', '203.00', 'mm', 'Éteinte (EX)', '5/10', 'Printemps', '122.00', 16),
(1403, 'Phyllobe du poirier (Phyllobius pyri)', 'Descrition ...', '137.00', 'g', '221.00', 'mm', 'Éteinte à l’état sauvage (EW)', '5/10', 'Été/Hiver', '145.00', 7),
(1404, 'Coccinelle à 16 points (Tytthaspis sedecimpunctata)', 'Descrition ...', '29.00', 'g', '70.00', 'mm', 'En danger (EN)', '5/10', 'Été/Automne', '36.00', 5),
(1405, 'Punaise de la jusquiame (Corizus hyoscyami)', 'Descrition ...', '7.00', 'g', '21.00', 'mm', 'En danger (EN)', '5/10', 'Automne/Hiver', '872.00', 4),
(1406, 'Epeire de velours (Agalenatea redii)', 'Descrition ...', '287.00', 'g', '35.00', 'mm', 'Données insuffisantes (DD)', '5/10', 'Hiver', '325.00', 5),
(1407, 'Saltique orangée (Carrhotus xanthogramma)', 'Descrition ...', '146.00', 'g', '20.00', 'mm', 'Non évaluée (NE)', '5/10', 'Printemps', '940.00', 14),
(1408, 'Epeire dromadaire (Gibbaranea bituberculata)', 'Descrition ...', '181.00', 'g', '245.00', 'mm', 'Vulnérable (VU)', '5/10', 'Été/Hiver', '234.00', 8),
(1409, 'Larinioides patagiatus', 'Descrition ...', '277.00', 'g', '300.00', 'mm', 'Préoccupation mineure (LC)', '5/10', 'Été/Printemps', '876.00', 13),
(1410, 'Pisaure admirable (Pisaura mirabilis)', 'Descrition ...', '113.00', 'g', '281.00', 'mm', 'danger critique (CR)', '5/10', 'Été/Printemps', '305.00', 11),
(1411, 'Grande sauterelle verte (Tettigonia viridissima)', 'Descrition ...', '83.00', 'g', '229.00', 'mm', 'Données insuffisantes (DD)', '5/10', 'Printemps/Automne', '316.00', 8),
(1412, 'Leste brun (Sympecma fusca)', 'Descrition ...', '329.00', 'g', '285.00', 'mm', 'Éteinte à l’état sauvage (EW)', '5/10', 'Été/Automne', '44.00', 16),
(1413, 'Coccinelle à 7 points (Coccinella septempunctata)', 'Descrition ...', '209.00', 'g', '215.00', 'mm', 'Éteinte (EX)', '5/10', 'Printemps/Automne', '230.00', 16),
(1414, 'Grand bombyle (Bombylius major)', 'Descrition ...', '172.00', 'g', '322.00', 'mm', 'Vulnérable (VU)', '5/10', 'Printemps/Hiver', '208.00', 16),
(1415, 'Punaise de la jusquiame (Corizus hyoscyami)', 'Descrition ...', '128.00', 'g', '10.00', 'mm', 'En danger (EN)', '5/10', 'Toute les saisons', '87.00', 6),
(1416, 'Epeire de velours (Agalenatea redii)', 'Descrition ...', '315.00', 'g', '112.00', 'mm', 'Éteinte à l’état sauvage (EW)', '5/10', 'Printemps/Hiver', '211.00', 7),
(1417, 'Pisaure admirable (Pisaura mirabilis)', 'Descrition ...', '208.00', 'g', '158.00', 'mm', 'Préoccupation mineure (LC)', '5/10', 'Été/Hiver', '454.00', 9),
(1418, 'Pisaure admirable (Pisaura mirabilis)', 'Descrition ...', '167.00', 'g', '124.00', 'mm', 'Éteinte à l’état sauvage (EW)', '5/10', 'Été/Automne', '766.00', 7),
(1419, 'Scatophage du fumier (Scathophaga stercoraria)', 'Descrition ...', '267.00', 'g', '331.00', 'mm', 'danger critique (CR)', '5/10', 'Hiver', '330.00', 6),
(1420, 'Tircis (Pararge aegeria)', 'Descrition ...', '245.00', 'g', '338.00', 'mm', 'Quasi menacée (NT)', '5/10', 'Été/Automne', '379.00', 3),
(1421, 'Saltique orangée (Carrhotus xanthogramma)', 'Descrition ...', '108.00', 'g', '106.00', 'mm', 'En danger (EN)', '5/10', 'Été/Hiver', '306.00', 7),
(1422, 'Phyllobe du poirier (Phyllobius pyri)', 'Descrition ...', '123.00', 'g', '29.00', 'mm', 'danger critique (CR)', '5/10', 'Printemps/Hiver', '389.00', 5),
(1423, 'Punaise de la jusquiame (Corizus hyoscyami)', 'Descrition ...', '156.00', 'g', '207.00', 'mm', 'Vulnérable (VU)', '5/10', 'Toute les saisons', '192.00', 5),
(1424, 'Enoplops scapha', 'Descrition ...', '50.00', 'g', '133.00', 'mm', 'En danger (EN)', '5/10', 'Automne/Hiver', '781.00', 5),
(1425, 'Punaise des baies (Dolycoris baccarum)', 'Descrition ...', '224.00', 'g', '83.00', 'mm', 'Vulnérable (VU)', '5/10', 'Printemps/Automne', '696.00', 1),
(1426, 'Pyrochre écarlate (Pyrochroa coccinea)', 'Descrition ...', '345.00', 'g', '259.00', 'mm', 'Non évaluée (NE)', '5/10', 'Hiver', '221.00', 14),
(1427, 'Tircis (Pararge aegeria)', 'Descrition ...', '77.00', 'g', '86.00', 'mm', 'Préoccupation mineure (LC)', '5/10', 'Automne', '250.00', 4),
(1428, 'Vulcain (Vanessa atalanta)', 'Descrition ...', '191.00', 'g', '66.00', 'mm', 'Quasi menacée (NT)', '5/10', 'Été/Hiver', '83.00', 3),
(1429, 'Coccinelle à 24 points (Subcoccinella 24 punctata)', 'Descrition ...', '327.00', 'g', '238.00', 'mm', 'Éteinte (EX)', '5/10', 'Été', '69.00', 4),
(1430, 'Dasycère soufrée (Esperia sulphurella)', 'Descrition ...', '323.00', 'g', '297.00', 'mm', 'Préoccupation mineure (LC)', '5/10', 'Été/Hiver', '862.00', 9),
(1431, 'Eriothrix rufomaculatus', 'Descrition ...', '67.00', 'g', '36.00', 'mm', 'Non évaluée (NE)', '5/10', 'Été/Automne', '165.00', 11),
(1432, 'Ebrechtella tricuspidata', 'Descrition ...', '166.00', 'g', '282.00', 'mm', 'Non évaluée (NE)', '5/10', 'Toute les saisons', '521.00', 2),
(1433, 'Géomètre à barreaux (Chiasmia clathrata)', 'Descrition ...', '191.00', 'g', '82.00', 'mm', 'Quasi menacée (NT)', '5/10', 'Été/Automne', '74.00', 5),
(1434, 'Hélophile suspendu (Helophilus pendulus)', 'Descrition ...', '260.00', 'g', '63.00', 'mm', 'Préoccupation mineure (LC)', '5/10', 'Toute les saisons', '34.00', 14),
(1435, 'Mélitée du plantain (Melitaea cinxia-Chenille)', 'Descrition ...', '211.00', 'g', '331.00', 'mm', 'danger critique (CR)', '5/10', 'Été/Hiver', '42.00', 15),
(1436, 'Phalène picotée (Ematurga atomaria)', 'Descrition ...', '51.00', 'g', '233.00', 'mm', 'Éteinte à l’état sauvage (EW)', '5/10', 'Été/Hiver', '551.00', 9),
(1437, 'Pisaure admirable (Pisaura mirabilis)', 'Descrition ...', '205.00', 'g', '152.00', 'mm', 'Quasi menacée (NT)', '5/10', 'Printemps', '484.00', 16),
(1438, 'Pyrale des buissons (Pyrausta despicata)', 'Descrition ...', '322.00', 'g', '57.00', 'mm', 'Préoccupation mineure (LC)', '5/10', 'Automne/Hiver', '373.00', 14),
(1439, 'Thomise enflée (Thomisus onustus)', 'Descrition ...', '281.00', 'g', '178.00', 'mm', 'Données insuffisantes (DD)', '5/10', 'Été/Automne', '769.00', 2),
(1440, 'Epeire dromadaire (Gibbaranea bituberculata)', 'Descrition ...', '211.00', 'g', '78.00', 'mm', 'Éteinte (EX)', '5/10', 'Hiver', '264.00', 7),
(1441, 'Epeire de velours (Agalenatea redii)', 'Descrition ...', '234.00', 'g', '154.00', 'mm', 'En danger (EN)', '5/10', 'Toute les saisons', '131.00', 5),
(1442, 'Brunette hivernale (Sympecma fusca)', 'Descrition ...', '229.00', 'g', '85.00', 'mm', 'Quasi menacée (NT)', '5/10', 'Été/Hiver', '408.00', 5);

-- --------------------------------------------------------

--
-- Structure de la table `T_InsecteBiome`
--

CREATE TABLE `T_InsecteBiome` (
  `IdInsecteBiome` int(11) NOT NULL,
  `IdBiome` int(11) NOT NULL,
  `IdInsecte` int(11) NOT NULL
) ENGINE=InnoDB DEFAULT CHARSET=utf8mb4 COLLATE=utf8mb4_general_ci;

--
-- Déchargement des données de la table `T_InsecteBiome`
--

INSERT INTO `T_InsecteBiome` (`IdInsecteBiome`, `IdBiome`, `IdInsecte`) VALUES
(1, 9, 724),
(2, 27, 725),
(3, 17, 725),
(4, 10, 725),
(5, 22, 726),
(6, 18, 727),
(7, 12, 727),
(8, 20, 728),
(9, 9, 729),
(10, 7, 730),
(11, 28, 730),
(12, 10, 730),
(13, 10, 731),
(14, 23, 731),
(15, 24, 731),
(16, 25, 732),
(17, 24, 732),
(18, 7, 732),
(19, 14, 733),
(20, 18, 733),
(21, 25, 734),
(22, 12, 734),
(23, 6, 735),
(24, 21, 735),
(25, 11, 736),
(26, 20, 736),
(27, 21, 736),
(28, 6, 737),
(29, 12, 738),
(30, 26, 738),
(31, 21, 738),
(32, 8, 739),
(33, 6, 739),
(34, 7, 740),
(35, 18, 740),
(36, 18, 741),
(37, 21, 741),
(38, 28, 742),
(39, 18, 742),
(40, 8, 743),
(41, 12, 743),
(42, 29, 744),
(43, 13, 745),
(44, 24, 745),
(45, 8, 746),
(46, 13, 746),
(47, 24, 747),
(48, 20, 747),
(49, 28, 747),
(50, 21, 748),
(51, 16, 748),
(52, 22, 749),
(53, 18, 749),
(54, 10, 749),
(55, 5, 750),
(56, 22, 750),
(57, 19, 751),
(58, 16, 751),
(59, 28, 751),
(60, 13, 752),
(61, 12, 752),
(62, 5, 753),
(63, 11, 753),
(64, 25, 754),
(65, 12, 755),
(66, 20, 755),
(67, 8, 756),
(68, 27, 757),
(69, 5, 758),
(70, 24, 758),
(71, 17, 759),
(72, 5, 759),
(73, 13, 760),
(74, 29, 761),
(75, 18, 761),
(76, 16, 762),
(77, 27, 763),
(78, 10, 763),
(79, 21, 764),
(80, 16, 764),
(81, 12, 764),
(82, 14, 765),
(83, 28, 766),
(84, 29, 766),
(85, 19, 766),
(86, 14, 767),
(87, 28, 767),
(88, 25, 768),
(89, 13, 769),
(90, 15, 769),
(91, 27, 769),
(92, 7, 770),
(93, 26, 770),
(94, 28, 770),
(95, 16, 771),
(96, 13, 771),
(97, 25, 772),
(98, 11, 772),
(99, 14, 773),
(100, 5, 773),
(101, 10, 773),
(102, 26, 774),
(103, 9, 774),
(104, 27, 775),
(105, 17, 776),
(106, 21, 776),
(107, 13, 776),
(108, 6, 777),
(109, 15, 777),
(110, 16, 778),
(111, 21, 778),
(112, 16, 779),
(113, 16, 780),
(114, 18, 781),
(115, 7, 781),
(116, 8, 782),
(117, 17, 783),
(118, 9, 784),
(119, 21, 784),
(120, 24, 785),
(121, 25, 785),
(122, 23, 785),
(123, 25, 786),
(124, 27, 786),
(125, 14, 787),
(126, 5, 787),
(127, 18, 788),
(128, 22, 788),
(129, 8, 789),
(130, 9, 789),
(131, 26, 789),
(132, 8, 790),
(133, 24, 790),
(134, 29, 790),
(135, 17, 791),
(136, 19, 792),
(137, 10, 792),
(138, 21, 792),
(139, 13, 793),
(140, 8, 794),
(141, 18, 795),
(142, 13, 796),
(143, 16, 797),
(144, 5, 798),
(145, 6, 799),
(146, 16, 800),
(147, 25, 801),
(148, 10, 802),
(149, 14, 802),
(150, 18, 803),
(151, 23, 804),
(152, 28, 804),
(153, 10, 805),
(154, 13, 805),
(155, 14, 805),
(156, 26, 806),
(157, 16, 807),
(158, 7, 808),
(159, 24, 809),
(160, 28, 809),
(161, 11, 809),
(162, 26, 810),
(163, 20, 811),
(164, 5, 811),
(165, 28, 812),
(166, 28, 813),
(167, 26, 813),
(168, 9, 814),
(169, 12, 814),
(170, 22, 814),
(171, 7, 815),
(172, 22, 815),
(173, 8, 816),
(174, 25, 817),
(175, 16, 818),
(176, 5, 818),
(177, 22, 818),
(178, 9, 819),
(179, 5, 819),
(180, 21, 820),
(181, 19, 820),
(182, 15, 821),
(183, 6, 821),
(184, 9, 822),
(185, 19, 823),
(186, 16, 823),
(187, 14, 824),
(188, 7, 824),
(189, 10, 824),
(190, 24, 825),
(191, 8, 825),
(192, 21, 826),
(193, 16, 827),
(194, 15, 827),
(195, 19, 827),
(196, 25, 828),
(197, 6, 828),
(198, 13, 828),
(199, 8, 829),
(200, 21, 830),
(201, 7, 831),
(202, 8, 831),
(203, 27, 832),
(204, 24, 833),
(205, 16, 834),
(206, 5, 835),
(207, 26, 836),
(208, 15, 836),
(209, 17, 836),
(210, 13, 837),
(211, 26, 837),
(212, 20, 837),
(213, 11, 838),
(214, 18, 839),
(215, 13, 839),
(216, 8, 839),
(217, 25, 840),
(218, 16, 840),
(219, 14, 841),
(220, 17, 841),
(221, 5, 842),
(222, 8, 842),
(223, 22, 843),
(224, 28, 843),
(225, 9, 843),
(226, 11, 844),
(227, 27, 845),
(228, 19, 845),
(229, 15, 845),
(230, 9, 846),
(231, 13, 846),
(232, 18, 846),
(233, 17, 847),
(234, 27, 847),
(235, 13, 847),
(236, 21, 848),
(237, 8, 848),
(238, 16, 849),
(239, 27, 849),
(240, 10, 850),
(241, 17, 850),
(242, 19, 851),
(243, 6, 851),
(244, 20, 852),
(245, 28, 852),
(246, 17, 852),
(247, 14, 853),
(248, 20, 854),
(249, 26, 854),
(250, 20, 855),
(251, 23, 855),
(252, 5, 855),
(253, 20, 856),
(254, 28, 856),
(255, 18, 857),
(256, 13, 857),
(257, 27, 858),
(258, 9, 858),
(259, 21, 859),
(260, 17, 860),
(261, 19, 861),
(262, 21, 861),
(263, 16, 862),
(264, 17, 862),
(265, 9, 862),
(266, 12, 863),
(267, 13, 864),
(268, 8, 864),
(269, 27, 865),
(270, 6, 865),
(271, 26, 866),
(272, 14, 866),
(273, 17, 866),
(274, 15, 867),
(275, 28, 868),
(276, 17, 868),
(277, 22, 869),
(278, 23, 869),
(279, 29, 870),
(280, 10, 871),
(281, 27, 871),
(282, 25, 871),
(283, 15, 872),
(284, 6, 873),
(285, 7, 873),
(286, 26, 874),
(287, 11, 874),
(288, 17, 874),
(289, 25, 875),
(290, 21, 875),
(291, 13, 876),
(292, 21, 877),
(293, 28, 877),
(294, 13, 878),
(295, 27, 878),
(296, 14, 878),
(297, 17, 879),
(298, 20, 879),
(299, 23, 880),
(300, 14, 880),
(301, 28, 880),
(302, 12, 881),
(303, 21, 882),
(304, 12, 882),
(305, 25, 882),
(306, 23, 883),
(307, 13, 883),
(308, 11, 884),
(309, 18, 885),
(310, 9, 886),
(311, 28, 886),
(312, 24, 886),
(313, 22, 887),
(314, 25, 887),
(315, 14, 887),
(316, 7, 888),
(317, 21, 888),
(318, 17, 888),
(319, 24, 889),
(320, 25, 889),
(321, 23, 890),
(322, 19, 890),
(323, 29, 890),
(324, 26, 891),
(325, 17, 892),
(326, 11, 892),
(327, 28, 893),
(328, 25, 893),
(329, 8, 893),
(330, 18, 894),
(331, 28, 894),
(332, 15, 894),
(333, 13, 895),
(334, 23, 895),
(335, 10, 896),
(336, 12, 896),
(337, 15, 897),
(338, 19, 897),
(339, 26, 898),
(340, 9, 898),
(341, 24, 898),
(342, 9, 899),
(343, 16, 900),
(344, 20, 900),
(345, 22, 901),
(346, 5, 901),
(347, 9, 902),
(348, 5, 903),
(349, 21, 903),
(350, 16, 903),
(351, 29, 904),
(352, 9, 904),
(353, 19, 905),
(354, 7, 905),
(355, 11, 906),
(356, 14, 907),
(357, 9, 908),
(358, 20, 909),
(359, 28, 910),
(360, 20, 910),
(361, 24, 910),
(362, 6, 911),
(363, 16, 912),
(364, 17, 913),
(365, 15, 914),
(366, 16, 915),
(367, 6, 915),
(368, 14, 915),
(369, 27, 916),
(370, 11, 917),
(371, 5, 918),
(372, 25, 918),
(373, 6, 919),
(374, 16, 919),
(375, 9, 920),
(376, 20, 920),
(377, 14, 920),
(378, 7, 921),
(379, 22, 921),
(380, 11, 922),
(381, 22, 923),
(382, 13, 924),
(383, 24, 924),
(384, 24, 925),
(385, 26, 926),
(386, 14, 926),
(387, 18, 927),
(388, 6, 927),
(389, 15, 928),
(390, 5, 928),
(391, 15, 929),
(392, 19, 930),
(393, 18, 931),
(394, 19, 931),
(395, 28, 932),
(396, 27, 933),
(397, 13, 933),
(398, 10, 933),
(399, 16, 934),
(400, 10, 934),
(401, 22, 935),
(402, 27, 935),
(403, 9, 935),
(404, 11, 936),
(405, 7, 937),
(406, 26, 937),
(407, 23, 937),
(408, 15, 938),
(409, 6, 938),
(410, 26, 939),
(411, 21, 939),
(412, 14, 939),
(413, 16, 940),
(414, 19, 940),
(415, 19, 941),
(416, 18, 941),
(417, 8, 941),
(418, 28, 942),
(419, 15, 942),
(420, 28, 943),
(421, 23, 943),
(422, 21, 943),
(423, 28, 944),
(424, 14, 944),
(425, 20, 944),
(426, 20, 945),
(427, 5, 945),
(428, 17, 945),
(429, 18, 946),
(430, 9, 947),
(431, 12, 948),
(432, 20, 949),
(433, 12, 949),
(434, 23, 950),
(435, 29, 951),
(436, 12, 951),
(437, 7, 951),
(438, 18, 952),
(439, 14, 952),
(440, 22, 952),
(441, 16, 953),
(442, 22, 954),
(443, 11, 955),
(444, 21, 956),
(445, 18, 957),
(446, 24, 957),
(447, 21, 958),
(448, 29, 959),
(449, 27, 959),
(450, 20, 960),
(451, 14, 960),
(452, 14, 961),
(453, 19, 962),
(454, 11, 962),
(455, 28, 962),
(456, 29, 963),
(457, 10, 964),
(458, 6, 964),
(459, 21, 964),
(460, 6, 965),
(461, 10, 965),
(462, 25, 966),
(463, 13, 967),
(464, 9, 968),
(465, 27, 968),
(466, 26, 969),
(467, 13, 970),
(468, 12, 970),
(469, 19, 971),
(470, 29, 971),
(471, 16, 972),
(472, 22, 973),
(473, 26, 973),
(474, 13, 973),
(475, 8, 974),
(476, 14, 975),
(477, 6, 975),
(478, 9, 975),
(479, 29, 976),
(480, 19, 977),
(481, 12, 978),
(482, 24, 978),
(483, 19, 979),
(484, 8, 980),
(485, 20, 981),
(486, 27, 981),
(487, 17, 982),
(488, 28, 983),
(489, 29, 983),
(490, 19, 984),
(491, 13, 985),
(492, 12, 985),
(493, 19, 986),
(494, 15, 987),
(495, 29, 987),
(496, 13, 988),
(497, 28, 988),
(498, 15, 988),
(499, 10, 989),
(500, 5, 990),
(501, 10, 990),
(502, 10, 991),
(503, 21, 992),
(504, 24, 992),
(505, 10, 992),
(506, 13, 993),
(507, 6, 993),
(508, 15, 993),
(509, 21, 994),
(510, 14, 994),
(511, 24, 994),
(512, 7, 995),
(513, 26, 995),
(514, 19, 995),
(515, 26, 996),
(516, 29, 996),
(517, 14, 996),
(518, 28, 997),
(519, 21, 997),
(520, 27, 997),
(521, 15, 998),
(522, 22, 999),
(523, 11, 999),
(524, 26, 999),
(525, 11, 1000),
(526, 26, 1000),
(527, 21, 1001),
(528, 24, 1002),
(529, 26, 1002),
(530, 16, 1002),
(531, 18, 1003),
(532, 28, 1003),
(533, 21, 1004),
(534, 29, 1005),
(535, 18, 1006),
(536, 13, 1007),
(537, 7, 1008),
(538, 26, 1008),
(539, 13, 1009),
(540, 26, 1009),
(541, 24, 1010),
(542, 10, 1010),
(543, 24, 1011),
(544, 5, 1011),
(545, 17, 1012),
(546, 14, 1012),
(547, 16, 1013),
(548, 8, 1013),
(549, 28, 1013),
(550, 6, 1014),
(551, 17, 1014),
(552, 24, 1015),
(553, 6, 1016),
(554, 6, 1017),
(555, 26, 1018),
(556, 6, 1019),
(557, 19, 1019),
(558, 22, 1020),
(559, 26, 1020),
(560, 27, 1021),
(561, 24, 1021),
(562, 14, 1021),
(563, 28, 1022),
(564, 29, 1023),
(565, 15, 1024),
(566, 9, 1024),
(567, 24, 1025),
(568, 23, 1025),
(569, 16, 1025),
(570, 11, 1026),
(571, 20, 1026),
(572, 24, 1026),
(573, 6, 1027),
(574, 22, 1027),
(575, 20, 1027),
(576, 15, 1028),
(577, 23, 1029),
(578, 6, 1030),
(579, 28, 1030),
(580, 20, 1030),
(581, 25, 1031),
(582, 24, 1031),
(583, 24, 1032),
(584, 12, 1032),
(585, 20, 1033),
(586, 22, 1033),
(587, 22, 1034),
(588, 27, 1034),
(589, 28, 1035),
(590, 26, 1035),
(591, 21, 1035),
(592, 7, 1036),
(593, 5, 1036),
(594, 21, 1037),
(595, 24, 1037),
(596, 28, 1038),
(597, 23, 1038),
(598, 27, 1038),
(599, 9, 1039),
(600, 12, 1039),
(601, 21, 1039),
(602, 22, 1040),
(603, 20, 1040),
(604, 6, 1041),
(605, 16, 1041),
(606, 21, 1042),
(607, 8, 1043),
(608, 12, 1043),
(609, 10, 1044),
(610, 26, 1044),
(611, 19, 1044),
(612, 22, 1045),
(613, 5, 1045),
(614, 23, 1045),
(615, 6, 1046),
(616, 15, 1046),
(617, 24, 1046),
(618, 23, 1047),
(619, 26, 1047),
(620, 9, 1048),
(621, 15, 1049),
(622, 25, 1050),
(623, 11, 1051),
(624, 7, 1051),
(625, 12, 1051),
(626, 8, 1052),
(627, 14, 1053),
(628, 28, 1054),
(629, 15, 1054),
(630, 19, 1054),
(631, 11, 1055),
(632, 23, 1056),
(633, 18, 1056),
(634, 11, 1057),
(635, 5, 1057),
(636, 27, 1058),
(637, 22, 1058),
(638, 14, 1059),
(639, 16, 1060),
(640, 29, 1060),
(641, 25, 1061),
(642, 7, 1061),
(643, 18, 1061),
(644, 23, 1062),
(645, 5, 1063),
(646, 13, 1063),
(647, 17, 1063),
(648, 24, 1064),
(649, 16, 1065),
(650, 26, 1065),
(651, 12, 1066),
(652, 22, 1066),
(653, 27, 1067),
(654, 20, 1067),
(655, 17, 1068),
(656, 21, 1068),
(657, 14, 1068),
(658, 6, 1069),
(659, 11, 1069),
(660, 25, 1070),
(661, 21, 1070),
(662, 6, 1071),
(663, 25, 1072),
(664, 23, 1073),
(665, 11, 1073),
(666, 12, 1073),
(667, 7, 1074),
(668, 15, 1075),
(669, 17, 1075),
(670, 23, 1075),
(671, 8, 1076),
(672, 13, 1076),
(673, 27, 1077),
(674, 14, 1077),
(675, 28, 1078),
(676, 25, 1078),
(677, 5, 1079),
(678, 5, 1080),
(679, 21, 1081),
(680, 26, 1081),
(681, 8, 1081),
(682, 13, 1082),
(683, 23, 1082),
(684, 8, 1082),
(685, 11, 1083),
(686, 17, 1084),
(687, 20, 1084),
(688, 12, 1085),
(689, 9, 1086),
(690, 15, 1087),
(691, 19, 1088),
(692, 27, 1088),
(693, 29, 1088),
(694, 16, 1089),
(695, 24, 1089),
(696, 8, 1089),
(697, 12, 1090),
(698, 7, 1090),
(699, 23, 1090),
(700, 24, 1091),
(701, 21, 1092),
(702, 15, 1092),
(703, 24, 1092),
(704, 12, 1093),
(705, 16, 1093),
(706, 11, 1094),
(707, 17, 1094),
(708, 11, 1095),
(709, 24, 1095),
(710, 6, 1096),
(711, 25, 1096),
(712, 29, 1096),
(713, 15, 1097),
(714, 13, 1097),
(715, 8, 1098),
(716, 17, 1099),
(717, 29, 1100),
(718, 23, 1101),
(719, 6, 1101),
(720, 10, 1102),
(721, 26, 1102),
(722, 29, 1102),
(723, 8, 1103),
(724, 22, 1103),
(725, 7, 1103),
(726, 29, 1104),
(727, 19, 1104),
(728, 26, 1105),
(729, 18, 1106),
(730, 22, 1107),
(731, 16, 1107),
(732, 29, 1108),
(733, 19, 1109),
(734, 10, 1109),
(735, 13, 1109),
(736, 29, 1110),
(737, 18, 1110),
(738, 20, 1110),
(739, 20, 1111),
(740, 6, 1112),
(741, 16, 1112),
(742, 17, 1113),
(743, 6, 1113),
(744, 13, 1113),
(745, 29, 1114),
(746, 13, 1115),
(747, 29, 1115),
(748, 23, 1116),
(749, 25, 1116),
(750, 20, 1117),
(751, 29, 1117),
(752, 21, 1117),
(753, 25, 1118),
(754, 16, 1118),
(755, 28, 1119),
(756, 14, 1119),
(757, 29, 1120),
(758, 14, 1120),
(759, 12, 1120),
(760, 19, 1121),
(761, 15, 1121),
(762, 25, 1122),
(763, 22, 1122),
(764, 14, 1123),
(765, 12, 1123),
(766, 7, 1124),
(767, 16, 1124),
(768, 9, 1125),
(769, 6, 1125),
(770, 10, 1125),
(771, 6, 1126),
(772, 12, 1127),
(773, 7, 1127),
(774, 21, 1127),
(775, 6, 1128),
(776, 7, 1128),
(777, 16, 1129),
(778, 25, 1129),
(779, 11, 1130),
(780, 13, 1131),
(781, 10, 1131),
(782, 20, 1131),
(783, 20, 1132),
(784, 29, 1133),
(785, 17, 1133),
(786, 28, 1133),
(787, 9, 1134),
(788, 24, 1134),
(789, 6, 1134),
(790, 9, 1135),
(791, 26, 1135),
(792, 14, 1136),
(793, 27, 1136),
(794, 21, 1136),
(795, 19, 1137),
(796, 13, 1138),
(797, 9, 1138),
(798, 8, 1139),
(799, 9, 1140),
(800, 15, 1141),
(801, 25, 1141),
(802, 12, 1141),
(803, 5, 1142),
(804, 22, 1142),
(805, 24, 1142),
(806, 17, 1143),
(807, 14, 1143),
(808, 21, 1144),
(809, 24, 1144),
(810, 15, 1145),
(811, 22, 1146),
(812, 24, 1147),
(813, 13, 1147),
(814, 6, 1147),
(815, 18, 1148),
(816, 24, 1148),
(817, 26, 1149),
(818, 25, 1149),
(819, 20, 1150),
(820, 10, 1151),
(821, 8, 1151),
(822, 13, 1152),
(823, 24, 1152),
(824, 16, 1152),
(825, 9, 1153),
(826, 6, 1153),
(827, 12, 1153),
(828, 10, 1154),
(829, 29, 1154),
(830, 12, 1154),
(831, 15, 1155),
(832, 14, 1155),
(833, 17, 1156),
(834, 18, 1157),
(835, 6, 1157),
(836, 13, 1157),
(837, 5, 1158),
(838, 7, 1159),
(839, 17, 1159),
(840, 16, 1159),
(841, 23, 1160),
(842, 18, 1161),
(843, 6, 1161),
(844, 7, 1161),
(845, 10, 1162),
(846, 15, 1162),
(847, 29, 1162),
(848, 25, 1163),
(849, 7, 1164),
(850, 27, 1164),
(851, 14, 1165),
(852, 20, 1165),
(853, 7, 1165),
(854, 8, 1166),
(855, 7, 1166),
(856, 14, 1167),
(857, 11, 1167),
(858, 15, 1168),
(859, 14, 1168),
(860, 23, 1168),
(861, 27, 1169),
(862, 25, 1169),
(863, 28, 1170),
(864, 7, 1170),
(865, 12, 1170),
(866, 12, 1171),
(867, 11, 1171),
(868, 18, 1172),
(869, 24, 1172),
(870, 28, 1172),
(871, 10, 1173),
(872, 14, 1173),
(873, 11, 1173),
(874, 13, 1174),
(875, 19, 1174),
(876, 11, 1174),
(877, 11, 1175),
(878, 17, 1175),
(879, 16, 1176),
(880, 9, 1176),
(881, 10, 1177),
(882, 20, 1177),
(883, 7, 1178),
(884, 16, 1179),
(885, 7, 1179),
(886, 27, 1179),
(887, 16, 1180),
(888, 5, 1180),
(889, 14, 1180),
(890, 12, 1181),
(891, 28, 1182),
(892, 5, 1182),
(893, 14, 1182),
(894, 29, 1183),
(895, 7, 1184),
(896, 6, 1184),
(897, 22, 1184),
(898, 21, 1185),
(899, 22, 1185),
(900, 24, 1185),
(901, 7, 1186),
(902, 10, 1186),
(903, 29, 1186),
(904, 11, 1187),
(905, 14, 1187),
(906, 25, 1188),
(907, 9, 1189),
(908, 24, 1189),
(909, 11, 1189),
(910, 21, 1190),
(911, 22, 1190),
(912, 16, 1190),
(913, 20, 1191),
(914, 5, 1191),
(915, 22, 1191),
(916, 24, 1192),
(917, 27, 1192),
(918, 28, 1192),
(919, 7, 1193),
(920, 11, 1194),
(921, 12, 1195),
(922, 21, 1196),
(923, 28, 1197),
(924, 26, 1197),
(925, 23, 1197),
(926, 9, 1198),
(927, 7, 1198),
(928, 11, 1198),
(929, 24, 1199),
(930, 29, 1199),
(931, 10, 1200),
(932, 24, 1200),
(933, 25, 1201),
(934, 23, 1201),
(935, 17, 1201),
(936, 23, 1202),
(937, 9, 1202),
(938, 24, 1203),
(939, 28, 1203),
(940, 8, 1203),
(941, 28, 1204),
(942, 9, 1205),
(943, 24, 1205),
(944, 11, 1206),
(945, 27, 1207),
(946, 7, 1208),
(947, 17, 1208),
(948, 25, 1208),
(949, 19, 1209),
(950, 12, 1209),
(951, 6, 1209),
(952, 6, 1210),
(953, 22, 1210),
(954, 22, 1211),
(955, 21, 1211),
(956, 7, 1212),
(957, 9, 1212),
(958, 16, 1212),
(959, 19, 1213),
(960, 8, 1213),
(961, 14, 1213),
(962, 22, 1214),
(963, 21, 1214),
(964, 27, 1214),
(965, 5, 1215),
(966, 26, 1215),
(967, 29, 1215),
(968, 5, 1216),
(969, 5, 1217),
(970, 12, 1218),
(971, 13, 1219),
(972, 15, 1219),
(973, 27, 1219),
(974, 29, 1220),
(975, 23, 1221),
(976, 16, 1221),
(977, 28, 1221),
(978, 5, 1222),
(979, 28, 1222),
(980, 17, 1222),
(981, 7, 1223),
(982, 22, 1223),
(983, 7, 1224),
(984, 7, 1225),
(985, 26, 1225),
(986, 19, 1226),
(987, 13, 1226),
(988, 20, 1226),
(989, 16, 1227),
(990, 14, 1228),
(991, 25, 1228),
(992, 20, 1228),
(993, 6, 1229),
(994, 10, 1229),
(995, 20, 1229),
(996, 14, 1230),
(997, 9, 1230),
(998, 18, 1230),
(999, 23, 1231),
(1000, 23, 1232),
(1001, 11, 1232),
(1002, 16, 1232),
(1003, 8, 1233),
(1004, 26, 1233),
(1005, 24, 1234),
(1006, 25, 1235),
(1007, 12, 1236),
(1008, 18, 1236),
(1009, 18, 1237),
(1010, 15, 1237),
(1011, 11, 1238),
(1012, 13, 1238),
(1013, 8, 1238),
(1014, 7, 1239),
(1015, 11, 1240),
(1016, 10, 1240),
(1017, 15, 1241),
(1018, 24, 1241),
(1019, 23, 1242),
(1020, 14, 1242),
(1021, 24, 1242),
(1022, 16, 1243),
(1023, 22, 1243),
(1024, 5, 1243),
(1025, 12, 1244),
(1026, 7, 1244),
(1027, 23, 1244),
(1028, 6, 1245),
(1029, 22, 1245),
(1030, 8, 1246),
(1031, 6, 1247),
(1032, 28, 1247),
(1033, 7, 1247),
(1034, 16, 1248),
(1035, 21, 1248),
(1036, 9, 1248),
(1037, 29, 1249),
(1038, 23, 1249),
(1039, 19, 1249),
(1040, 25, 1250),
(1041, 21, 1250),
(1042, 15, 1251),
(1043, 26, 1252),
(1044, 26, 1253),
(1045, 5, 1254),
(1046, 26, 1254),
(1047, 19, 1254),
(1048, 11, 1255),
(1049, 26, 1255),
(1050, 18, 1255),
(1051, 11, 1256),
(1052, 18, 1256),
(1053, 22, 1257),
(1054, 24, 1257),
(1055, 17, 1258),
(1056, 26, 1259),
(1057, 15, 1259),
(1058, 28, 1259),
(1059, 8, 1260),
(1060, 21, 1261),
(1061, 8, 1261),
(1062, 8, 1262),
(1063, 22, 1263),
(1064, 28, 1263),
(1065, 6, 1263),
(1066, 5, 1264),
(1067, 11, 1264),
(1068, 10, 1265),
(1069, 20, 1266),
(1070, 24, 1266),
(1071, 7, 1267),
(1072, 14, 1268),
(1073, 24, 1268),
(1074, 19, 1268),
(1075, 19, 1269),
(1076, 7, 1269),
(1077, 23, 1270),
(1078, 29, 1270),
(1079, 28, 1271),
(1080, 13, 1272),
(1081, 28, 1272),
(1082, 8, 1272),
(1083, 17, 1273),
(1084, 5, 1273),
(1085, 27, 1274),
(1086, 7, 1274),
(1087, 27, 1275),
(1088, 15, 1275),
(1089, 5, 1275),
(1090, 18, 1276),
(1091, 27, 1276),
(1092, 21, 1276),
(1093, 25, 1277),
(1094, 7, 1277),
(1095, 11, 1278),
(1096, 8, 1278),
(1097, 10, 1278),
(1098, 29, 1279),
(1099, 18, 1280),
(1100, 26, 1281),
(1101, 25, 1281),
(1102, 14, 1281),
(1103, 12, 1282),
(1104, 7, 1283),
(1105, 15, 1283),
(1106, 24, 1283),
(1107, 9, 1284),
(1108, 7, 1284),
(1109, 10, 1285),
(1110, 14, 1285),
(1111, 11, 1286),
(1112, 21, 1286),
(1113, 24, 1287),
(1114, 28, 1288),
(1115, 14, 1289),
(1116, 28, 1290),
(1117, 8, 1290),
(1118, 7, 1291),
(1119, 17, 1292),
(1120, 12, 1292),
(1121, 11, 1293),
(1122, 19, 1294),
(1123, 24, 1294),
(1124, 21, 1294),
(1125, 18, 1295),
(1126, 24, 1295),
(1127, 19, 1295),
(1128, 19, 1296),
(1129, 8, 1297),
(1130, 16, 1297),
(1131, 20, 1298),
(1132, 25, 1299),
(1133, 17, 1299),
(1134, 27, 1300),
(1135, 10, 1301),
(1136, 17, 1301),
(1137, 5, 1302),
(1138, 22, 1302),
(1139, 27, 1303),
(1140, 23, 1303),
(1141, 29, 1303),
(1142, 11, 1304),
(1143, 18, 1305),
(1144, 20, 1305),
(1145, 22, 1306),
(1146, 28, 1307),
(1147, 9, 1307),
(1148, 15, 1308),
(1149, 26, 1308),
(1150, 7, 1309),
(1151, 20, 1309),
(1152, 9, 1310),
(1153, 6, 1311),
(1154, 15, 1311),
(1155, 11, 1312),
(1156, 20, 1312),
(1157, 11, 1313),
(1158, 9, 1313),
(1159, 16, 1313),
(1160, 17, 1314),
(1161, 9, 1315),
(1162, 20, 1315),
(1163, 24, 1316),
(1164, 23, 1317),
(1165, 12, 1317),
(1166, 11, 1317),
(1167, 20, 1318),
(1168, 24, 1318),
(1169, 27, 1319),
(1170, 28, 1319),
(1171, 7, 1320),
(1172, 20, 1321),
(1173, 27, 1322),
(1174, 28, 1323),
(1175, 25, 1323),
(1176, 18, 1323),
(1177, 14, 1324),
(1178, 10, 1324),
(1179, 11, 1324),
(1180, 14, 1325),
(1181, 17, 1325),
(1182, 25, 1326),
(1183, 13, 1326),
(1184, 8, 1326),
(1185, 16, 1327),
(1186, 5, 1328),
(1187, 25, 1328),
(1188, 7, 1329),
(1189, 16, 1329),
(1190, 25, 1330),
(1191, 10, 1331),
(1192, 13, 1332),
(1193, 20, 1332),
(1194, 28, 1333),
(1195, 19, 1333),
(1196, 14, 1334),
(1197, 10, 1334),
(1198, 9, 1335),
(1199, 24, 1335),
(1200, 20, 1336),
(1201, 28, 1336),
(1202, 26, 1336),
(1203, 13, 1337),
(1204, 14, 1338),
(1205, 10, 1339),
(1206, 11, 1339),
(1207, 29, 1340),
(1208, 16, 1340),
(1209, 18, 1341),
(1210, 21, 1341),
(1211, 11, 1342),
(1212, 29, 1342),
(1213, 15, 1343),
(1214, 17, 1343),
(1215, 25, 1344),
(1216, 24, 1344),
(1217, 26, 1345),
(1218, 12, 1345),
(1219, 10, 1346),
(1220, 5, 1346),
(1221, 12, 1346),
(1222, 22, 1347),
(1223, 29, 1347),
(1224, 26, 1347),
(1225, 11, 1348),
(1226, 25, 1348),
(1227, 21, 1349),
(1228, 23, 1349),
(1229, 19, 1350),
(1230, 27, 1350),
(1231, 17, 1351),
(1232, 12, 1351),
(1233, 27, 1351),
(1234, 24, 1352),
(1235, 13, 1352),
(1236, 22, 1353),
(1237, 22, 1354),
(1238, 5, 1355),
(1239, 10, 1356),
(1240, 15, 1356),
(1241, 15, 1357),
(1242, 8, 1357),
(1243, 27, 1357),
(1244, 17, 1358),
(1245, 21, 1358),
(1246, 24, 1359),
(1247, 24, 1360),
(1248, 16, 1361),
(1249, 24, 1361),
(1250, 12, 1361),
(1251, 12, 1362),
(1252, 28, 1362),
(1253, 17, 1363),
(1254, 18, 1363),
(1255, 12, 1364),
(1256, 19, 1364),
(1257, 18, 1365),
(1258, 16, 1365),
(1259, 21, 1365),
(1260, 19, 1366),
(1261, 7, 1366),
(1262, 26, 1366),
(1263, 7, 1367),
(1264, 8, 1367),
(1265, 19, 1367),
(1266, 28, 1368),
(1267, 10, 1369),
(1268, 7, 1370),
(1269, 5, 1371),
(1270, 21, 1371),
(1271, 15, 1371),
(1272, 14, 1372),
(1273, 19, 1372),
(1274, 27, 1373),
(1275, 12, 1374),
(1276, 18, 1375),
(1277, 22, 1375),
(1278, 13, 1375),
(1279, 29, 1376),
(1280, 10, 1376),
(1281, 8, 1377),
(1282, 9, 1377),
(1283, 8, 1378),
(1284, 13, 1378),
(1285, 24, 1378),
(1286, 25, 1379),
(1287, 12, 1380),
(1288, 14, 1380),
(1289, 28, 1381),
(1290, 20, 1382),
(1291, 19, 1382),
(1292, 11, 1383),
(1293, 9, 1383),
(1294, 5, 1383),
(1295, 8, 1384),
(1296, 21, 1385),
(1297, 10, 1385),
(1298, 12, 1385),
(1299, 22, 1386),
(1300, 24, 1386),
(1301, 21, 1386),
(1302, 26, 1387),
(1303, 15, 1388),
(1304, 20, 1388),
(1305, 25, 1388),
(1306, 25, 1389),
(1307, 6, 1389),
(1308, 13, 1389),
(1309, 28, 1390),
(1310, 7, 1391),
(1311, 16, 1391),
(1312, 18, 1391),
(1313, 11, 1392),
(1314, 28, 1392),
(1315, 26, 1393),
(1316, 17, 1394),
(1317, 28, 1394),
(1318, 15, 1394),
(1319, 6, 1395),
(1320, 7, 1396),
(1321, 11, 1396),
(1322, 25, 1396),
(1323, 28, 1397),
(1324, 5, 1397),
(1325, 15, 1398),
(1326, 10, 1399),
(1327, 21, 1400),
(1328, 24, 1401),
(1329, 20, 1401),
(1330, 10, 1401),
(1331, 9, 1402),
(1332, 29, 1403),
(1333, 13, 1404),
(1334, 26, 1405),
(1335, 28, 1405),
(1336, 23, 1405),
(1337, 25, 1406),
(1338, 17, 1406),
(1339, 26, 1406),
(1340, 24, 1407),
(1341, 26, 1408),
(1342, 16, 1409),
(1343, 11, 1409),
(1344, 24, 1409),
(1345, 8, 1410),
(1346, 15, 1410),
(1347, 11, 1410),
(1348, 21, 1411),
(1349, 6, 1411),
(1350, 26, 1411),
(1351, 23, 1412),
(1352, 21, 1413),
(1353, 27, 1413),
(1354, 24, 1413),
(1355, 6, 1414),
(1356, 21, 1414),
(1357, 24, 1415),
(1358, 20, 1415),
(1359, 17, 1416),
(1360, 8, 1416),
(1361, 16, 1416),
(1362, 22, 1417),
(1363, 12, 1417),
(1364, 14, 1417),
(1365, 17, 1418),
(1366, 6, 1418),
(1367, 12, 1419),
(1368, 14, 1419),
(1369, 22, 1419),
(1370, 29, 1420),
(1371, 8, 1421),
(1372, 11, 1422),
(1373, 17, 1423),
(1374, 28, 1424),
(1375, 20, 1425),
(1376, 16, 1425),
(1377, 22, 1426),
(1378, 18, 1426),
(1379, 9, 1427),
(1380, 12, 1428),
(1381, 26, 1428),
(1382, 20, 1429),
(1383, 15, 1429),
(1384, 19, 1430),
(1385, 9, 1430),
(1386, 14, 1430),
(1387, 27, 1431),
(1388, 11, 1431),
(1389, 5, 1431),
(1390, 7, 1432),
(1391, 28, 1432),
(1392, 16, 1432),
(1393, 26, 1433),
(1394, 7, 1434),
(1395, 20, 1434),
(1396, 10, 1435),
(1397, 22, 1435),
(1398, 29, 1436),
(1399, 10, 1437),
(1400, 22, 1437),
(1401, 24, 1438),
(1402, 26, 1438),
(1403, 18, 1439),
(1404, 16, 1440),
(1405, 25, 1440),
(1406, 24, 1440),
(1407, 18, 1441),
(1408, 9, 1441),
(1409, 6, 1442);

-- --------------------------------------------------------

--
-- Structure de la table `T_MiseAJour`
--

CREATE TABLE `T_MiseAJour` (
  `IdMiseAJour` int(11) NOT NULL,
  `DateModif` datetime DEFAULT NULL,
  `IdCompteUtilisateur` int(11) NOT NULL,
  `IdBiome` int(11) NOT NULL,
  `IdInsecte` int(11) NOT NULL
) ENGINE=InnoDB DEFAULT CHARSET=utf8mb4 COLLATE=utf8mb4_general_ci;

-- --------------------------------------------------------

--
-- Structure de la table `T_ModifBiome`
--

CREATE TABLE `T_ModifBiome` (
  `IdModifBiome` int(11) NOT NULL,
  `Nom` varchar(50) DEFAULT NULL,
  `Temperature` decimal(15,2) DEFAULT NULL,
  `TauxHumidite` decimal(15,2) DEFAULT NULL,
  `Descrition` varchar(8000) DEFAULT NULL,
  `Environement` varchar(50) DEFAULT NULL,
  `IdBiome` int(11) NOT NULL,
  `IdTicket` int(11) DEFAULT NULL
) ENGINE=InnoDB DEFAULT CHARSET=utf8mb4 COLLATE=utf8mb4_general_ci;

--
-- Déchargement des données de la table `T_ModifBiome`
--

INSERT INTO `T_ModifBiome` (`IdModifBiome`, `Nom`, `Temperature`, `TauxHumidite`, `Descrition`, `Environement`, `IdBiome`, `IdTicket`) VALUES
(1, 'Toundra', '25.23', '5.00', 'descripption ...', '', 6, 1),
(2, ' Prairies', '-2.00', '14.00', 'mes endroits préféré', '', 9, 2),
(3, 'Steph a ride', '2257.00', '37.00', 'LOL', '', 15, 3);

-- --------------------------------------------------------

--
-- Structure de la table `T_ModifInsecte`
--

CREATE TABLE `T_ModifInsecte` (
  `IdInsecteModif` int(11) NOT NULL,
  `Nom` varchar(50) DEFAULT NULL,
  `Description` varchar(8000) DEFAULT NULL,
  `Poids` decimal(15,2) DEFAULT NULL,
  `UniteMasse` varchar(50) DEFAULT NULL,
  `Taille` decimal(15,2) DEFAULT NULL,
  `UniteTaille` varchar(50) DEFAULT NULL,
  `Menace` smallint(6) DEFAULT NULL,
  `Dangereusite` varchar(50) DEFAULT NULL,
  `Saison` varchar(50) DEFAULT NULL,
  `longevite` decimal(15,2) DEFAULT NULL,
  `IdInsecte` int(11) NOT NULL,
  `IdTicket` int(11) NOT NULL
) ENGINE=InnoDB DEFAULT CHARSET=utf8mb4 COLLATE=utf8mb4_general_ci;

-- --------------------------------------------------------

--
-- Structure de la table `T_Ticket`
--

CREATE TABLE `T_Ticket` (
  `IdTicket` int(11) NOT NULL,
  `IdCompteUtilisateur` int(11) NOT NULL
) ENGINE=InnoDB DEFAULT CHARSET=utf8mb4 COLLATE=utf8mb4_general_ci;

--
-- Déchargement des données de la table `T_Ticket`
--

INSERT INTO `T_Ticket` (`IdTicket`, `IdCompteUtilisateur`) VALUES
(1, 15),
(2, 4562),
(3, 5554);

-- --------------------------------------------------------

--
-- Structure de la table `T_TypeInsecte`
--

CREATE TABLE `T_TypeInsecte` (
  `IdTypeInsecte` int(11) NOT NULL,
  `Nom` varchar(50) DEFAULT NULL,
  `Description` varchar(8000) DEFAULT NULL
) ENGINE=InnoDB DEFAULT CHARSET=utf8mb4 COLLATE=utf8mb4_general_ci;

--
-- Déchargement des données de la table `T_TypeInsecte`
--

INSERT INTO `T_TypeInsecte` (`IdTypeInsecte`, `Nom`, `Description`) VALUES
(1, 'Diptères', 'Descrition ...'),
(2, 'Araignées', 'Descrition ...'),
(3, 'Hémiptères', 'Descrition ...'),
(4, 'Lépidoptères', 'Descrition ...'),
(5, 'Odonates', 'Descrition ...'),
(6, 'résentes', 'Descrition ...'),
(7, 'Coléoptères', 'Descrition ...'),
(8, 'achaon', 'Descrition ...'),
(9, 'Dictyoptères', 'Descrition ...'),
(10, 'Hyménoptères', 'Descrition ...'),
(11, 'Phasmes', 'Descrition ...'),
(12, 'Trichoptères', 'Descrition ...'),
(13, 'Névroptères', 'Descrition ...'),
(14, 'Orthoptères', 'Descrition ...'),
(15, 'Mécoptères', 'Descrition ...'),
(16, 'Cicadidae', 'Descrition ...');

-- --------------------------------------------------------

--
-- Doublure de structure pour la vue `V_DernierTicket`
-- (Voir ci-dessous la vue réelle)
--
CREATE TABLE `V_DernierTicket` (
`IdTicket` int(11)
,`IdCompteUtilisateur` int(11)
);

-- --------------------------------------------------------

--
-- Structure de la vue `V_DernierTicket`
--
DROP TABLE IF EXISTS `V_DernierTicket`;

CREATE ALGORITHM=UNDEFINED DEFINER=`johan`@`localhost` SQL SECURITY DEFINER VIEW `V_DernierTicket`  AS SELECT `T_Ticket`.`IdTicket` AS `IdTicket`, `T_Ticket`.`IdCompteUtilisateur` AS `IdCompteUtilisateur` FROM `T_Ticket` ORDER BY `T_Ticket`.`IdTicket` DESC LIMIT 0, 1 ;

--
-- Index pour les tables déchargées
--

--
-- Index pour la table `T_Biome`
--
ALTER TABLE `T_Biome`
  ADD PRIMARY KEY (`IdBiome`);

--
-- Index pour la table `T_CompteUtilisateur`
--
ALTER TABLE `T_CompteUtilisateur`
  ADD PRIMARY KEY (`IdCompteUtilisateur`);

--
-- Index pour la table `T_Favorie`
--
ALTER TABLE `T_Favorie`
  ADD PRIMARY KEY (`IdFavorie`),
  ADD KEY `IdCompteUtilisateur` (`IdCompteUtilisateur`),
  ADD KEY `IdInsecte` (`IdInsecte`);

--
-- Index pour la table `T_Insecte`
--
ALTER TABLE `T_Insecte`
  ADD PRIMARY KEY (`IdInsecte`),
  ADD KEY `IdTypeInsecte` (`IdTypeInsecte`);

--
-- Index pour la table `T_InsecteBiome`
--
ALTER TABLE `T_InsecteBiome`
  ADD PRIMARY KEY (`IdInsecteBiome`),
  ADD KEY `IdBiome` (`IdBiome`),
  ADD KEY `IdInsecte` (`IdInsecte`);

--
-- Index pour la table `T_MiseAJour`
--
ALTER TABLE `T_MiseAJour`
  ADD PRIMARY KEY (`IdMiseAJour`),
  ADD KEY `IdCompteUtilisateur` (`IdCompteUtilisateur`),
  ADD KEY `IdBiome` (`IdBiome`),
  ADD KEY `IdInsecte` (`IdInsecte`);

--
-- Index pour la table `T_ModifBiome`
--
ALTER TABLE `T_ModifBiome`
  ADD PRIMARY KEY (`IdModifBiome`),
  ADD UNIQUE KEY `IdTicket` (`IdTicket`),
  ADD KEY `IdBiome` (`IdBiome`);

--
-- Index pour la table `T_ModifInsecte`
--
ALTER TABLE `T_ModifInsecte`
  ADD PRIMARY KEY (`IdInsecteModif`),
  ADD UNIQUE KEY `IdTicket` (`IdTicket`),
  ADD KEY `IdInsecte` (`IdInsecte`);

--
-- Index pour la table `T_Ticket`
--
ALTER TABLE `T_Ticket`
  ADD PRIMARY KEY (`IdTicket`),
  ADD KEY `T_Ticket_ibfk_1` (`IdCompteUtilisateur`);

--
-- Index pour la table `T_TypeInsecte`
--
ALTER TABLE `T_TypeInsecte`
  ADD PRIMARY KEY (`IdTypeInsecte`);

--
-- AUTO_INCREMENT pour les tables déchargées
--

--
-- AUTO_INCREMENT pour la table `T_Biome`
--
ALTER TABLE `T_Biome`
  MODIFY `IdBiome` int(11) NOT NULL AUTO_INCREMENT, AUTO_INCREMENT=37;

--
-- AUTO_INCREMENT pour la table `T_CompteUtilisateur`
--
ALTER TABLE `T_CompteUtilisateur`
  MODIFY `IdCompteUtilisateur` int(11) NOT NULL AUTO_INCREMENT, AUTO_INCREMENT=5555;

--
-- AUTO_INCREMENT pour la table `T_Favorie`
--
ALTER TABLE `T_Favorie`
  MODIFY `IdFavorie` int(11) NOT NULL AUTO_INCREMENT;

--
-- AUTO_INCREMENT pour la table `T_Insecte`
--
ALTER TABLE `T_Insecte`
  MODIFY `IdInsecte` int(11) NOT NULL AUTO_INCREMENT, AUTO_INCREMENT=1443;

--
-- AUTO_INCREMENT pour la table `T_InsecteBiome`
--
ALTER TABLE `T_InsecteBiome`
  MODIFY `IdInsecteBiome` int(11) NOT NULL AUTO_INCREMENT, AUTO_INCREMENT=1410;

--
-- AUTO_INCREMENT pour la table `T_MiseAJour`
--
ALTER TABLE `T_MiseAJour`
  MODIFY `IdMiseAJour` int(11) NOT NULL AUTO_INCREMENT;

--
-- AUTO_INCREMENT pour la table `T_ModifBiome`
--
ALTER TABLE `T_ModifBiome`
  MODIFY `IdModifBiome` int(11) NOT NULL AUTO_INCREMENT, AUTO_INCREMENT=4;

--
-- AUTO_INCREMENT pour la table `T_ModifInsecte`
--
ALTER TABLE `T_ModifInsecte`
  MODIFY `IdInsecteModif` int(11) NOT NULL AUTO_INCREMENT;

--
-- AUTO_INCREMENT pour la table `T_Ticket`
--
ALTER TABLE `T_Ticket`
  MODIFY `IdTicket` int(11) NOT NULL AUTO_INCREMENT, AUTO_INCREMENT=4;

--
-- AUTO_INCREMENT pour la table `T_TypeInsecte`
--
ALTER TABLE `T_TypeInsecte`
  MODIFY `IdTypeInsecte` int(11) NOT NULL AUTO_INCREMENT, AUTO_INCREMENT=17;

--
-- Contraintes pour les tables déchargées
--

--
-- Contraintes pour la table `T_Favorie`
--
ALTER TABLE `T_Favorie`
  ADD CONSTRAINT `T_Favorie_ibfk_1` FOREIGN KEY (`IdCompteUtilisateur`) REFERENCES `T_CompteUtilisateur` (`IdCompteUtilisateur`),
  ADD CONSTRAINT `T_Favorie_ibfk_2` FOREIGN KEY (`IdInsecte`) REFERENCES `T_Insecte` (`IdInsecte`);

--
-- Contraintes pour la table `T_Insecte`
--
ALTER TABLE `T_Insecte`
  ADD CONSTRAINT `T_Insecte_ibfk_1` FOREIGN KEY (`IdTypeInsecte`) REFERENCES `T_TypeInsecte` (`IdTypeInsecte`);

--
-- Contraintes pour la table `T_InsecteBiome`
--
ALTER TABLE `T_InsecteBiome`
  ADD CONSTRAINT `T_InsecteBiome_ibfk_1` FOREIGN KEY (`IdBiome`) REFERENCES `T_Biome` (`IdBiome`),
  ADD CONSTRAINT `T_InsecteBiome_ibfk_2` FOREIGN KEY (`IdInsecte`) REFERENCES `T_Insecte` (`IdInsecte`);

--
-- Contraintes pour la table `T_MiseAJour`
--
ALTER TABLE `T_MiseAJour`
  ADD CONSTRAINT `T_MiseAJour_ibfk_1` FOREIGN KEY (`IdCompteUtilisateur`) REFERENCES `T_CompteUtilisateur` (`IdCompteUtilisateur`),
  ADD CONSTRAINT `T_MiseAJour_ibfk_2` FOREIGN KEY (`IdBiome`) REFERENCES `T_Biome` (`IdBiome`),
  ADD CONSTRAINT `T_MiseAJour_ibfk_3` FOREIGN KEY (`IdInsecte`) REFERENCES `T_Insecte` (`IdInsecte`);

--
-- Contraintes pour la table `T_ModifBiome`
--
ALTER TABLE `T_ModifBiome`
  ADD CONSTRAINT `T_ModifBiome_ibfk_1` FOREIGN KEY (`IdBiome`) REFERENCES `T_Biome` (`IdBiome`),
  ADD CONSTRAINT `T_ModifBiome_ibfk_2` FOREIGN KEY (`IdTicket`) REFERENCES `T_Ticket` (`IdTicket`);

--
-- Contraintes pour la table `T_ModifInsecte`
--
ALTER TABLE `T_ModifInsecte`
  ADD CONSTRAINT `T_ModifInsecte_ibfk_1` FOREIGN KEY (`IdInsecte`) REFERENCES `T_Insecte` (`IdInsecte`),
  ADD CONSTRAINT `T_ModifInsecte_ibfk_2` FOREIGN KEY (`IdTicket`) REFERENCES `T_Ticket` (`IdTicket`);

--
-- Contraintes pour la table `T_Ticket`
--
ALTER TABLE `T_Ticket`
  ADD CONSTRAINT `T_Ticket_ibfk_1` FOREIGN KEY (`IdCompteUtilisateur`) REFERENCES `T_CompteUtilisateur` (`IdCompteUtilisateur`) ON DELETE CASCADE;
COMMIT;

/*!40101 SET CHARACTER_SET_CLIENT=@OLD_CHARACTER_SET_CLIENT */;
/*!40101 SET CHARACTER_SET_RESULTS=@OLD_CHARACTER_SET_RESULTS */;
/*!40101 SET COLLATION_CONNECTION=@OLD_COLLATION_CONNECTION */;
